🍁,3166ye
Tweet Range : 1990-01-01:2030-01-01
Save Path : /c/yezArchive\3166ye
Tweet Date,Display Name,User Name,Tweet URL,Media Type,Media URl,Saved Filename,Tweet Content,Favorite Count,Retweet Count,Reply Count
2024-08-30 22:08,🍁,@3166ye,https://twitter.com/3166ye/status/1829521531313049942/photo/1,Image,https://pbs.twimg.com/media/GWPEHtUaUAA8Mtw.jpg,2024-08-30 22-08-img_0.png,https://t.co/CBHop1Sru5,149,0,1
2024-08-30 05:10,🍁,@3166ye,https://twitter.com/3166ye/status/1829265474745450873/photo/1,Image,https://pbs.twimg.com/media/GWLbPwhbYAAWsWh.jpg,2024-08-30 05-10-img_2.png,https://t.co/OSpvmzisuR,117,0,0
2024-08-28 00:08,🍁,@3166ye,https://twitter.com/yez3166/status/1828464584002515229/photo/1,Image,https://pbs.twimg.com/media/GWAC2B6WwAE-vMk.jpg,2024-08-28 00-08-img_6.png,https://t.co/wKRufLuG4E,242,27,2
2024-08-30 01:00,🍁,@3166ye,https://twitter.com/3166ye/status/1829202419814744321/photo/1,Image,https://pbs.twimg.com/media/GWKh5ndawAA_DGk.jpg,2024-08-30 01-00-img_3.png,https://t.co/XiLe5G33y7,135,5,1
2024-08-30 06:10,🍁,@3166ye,https://twitter.com/3166ye/status/1829280474155602307/photo/1,Image,https://pbs.twimg.com/media/GWLo5DgaUAAjwxt.jpg,2024-08-30 06-10-img_1.png,https://t.co/gyq5lzW1Wy,311,0,1
2024-08-29 23:46,🍁,@3166ye,https://twitter.com/3166ye/status/1829183946917327276/photo/1,Image,https://pbs.twimg.com/media/GWKRGZjX0AARUQl.jpg,2024-08-29 23-46-img_4.png,https://t.co/qAkVMvDVQp,338,13,1
2024-08-25 06:29,🍁,@3166ye,https://twitter.com/yez3166/status/1827473348735201347/photo/1,Image,https://pbs.twimg.com/media/GVx9UcYXIAAkS7w.jpg,2024-08-25 06-29-img_7.png,https://t.co/KFctFKqoX2,324,42,4
2024-08-28 16:26,🍁,@3166ye,https://twitter.com/yez3166/status/1828710659133202721/photo/1,Image,https://pbs.twimg.com/media/GWDipKqXIAA1RgC.jpg,2024-08-28 16-26-img_5.png,https://t.co/bj3r4VHqvg,155,16,2
2024-08-25 04:33,🍁,@3166ye,https://twitter.com/yez3166/status/1827444053555998795/photo/1,Image,https://pbs.twimg.com/media/GVxiqxkbsAAzxyl.jpg,2024-08-25 04-33-img_11.png,https://t.co/fWkp3GsIMt,150,9,1
2024-08-25 05:04,🍁,@3166ye,https://twitter.com/yez3166/status/1827451879812690317/photo/1,Image,https://pbs.twimg.com/media/GVxpy0OWEAA3bEk.jpg,2024-08-25 05-04-img_10.png,https://t.co/fa4mJoJqpk,314,40,6
2024-08-25 06:03,🍁,@3166ye,https://twitter.com/yez3166/status/1827466802169057612/photo/1,Image,https://pbs.twimg.com/media/GVx3XWZbQAAdVaU.jpg,2024-08-25 06-03-img_8.png,https://t.co/4xVtxwqNuh,897,95,7
2024-08-22 16:30,🍁,@3166ye,https://twitter.com/yez3166/status/1826537424891380159/photo/1,Image,https://pbs.twimg.com/media/GVkqGa4bMAAc-TT.jpg,2024-08-22 16-30-img_12.png,https://t.co/Z05qeinMNs,379,35,2
2024-08-25 05:26,🍁,@3166ye,https://twitter.com/yez3166/status/1827457474028572858/photo/1,Image,https://pbs.twimg.com/media/GVxu4c1aUAAu3j_.jpg,2024-08-25 05-26-img_9.png,https://t.co/VdeJpcnkt1,97,10,0
2024-08-20 22:00,🍁,@3166ye,https://twitter.com/yez3166/status/1825895722526581144/photo/1,Image,https://pbs.twimg.com/media/GVbiec4aMAMoSKv.jpg,2024-08-20 22-00-img_15.png,https://t.co/Nz9p2penDU,193,22,0
2024-08-20 22:00,🍁,@3166ye,https://twitter.com/yez3166/status/1825895752150983021/photo/1,Image,https://pbs.twimg.com/media/GVbifYHaMAI9PLR.jpg,2024-08-20 22-00-img_14.png,https://t.co/lfg68aYm0m,320,34,1
2024-08-21 19:31,🍁,@3166ye,https://twitter.com/yez3166/status/1826220531064152451/photo/1,Image,https://pbs.twimg.com/media/GVgJ4p1aAAAwBSx.jpg,2024-08-21 19-31-img_13.png,https://t.co/LHmtDizQL8,1102,131,13
2024-08-19 20:29,🍁,@3166ye,https://twitter.com/yez3166/status/1825510300470125038/photo/1,Image,https://pbs.twimg.com/media/GVWD5AiakAAxi9v.jpg,2024-08-19 20-29-img_17.png,https://t.co/zPVhpq8quy,178,10,1
2024-08-20 22:00,🍁,@3166ye,https://twitter.com/yez3166/status/1825895706265268702/photo/1,Image,https://pbs.twimg.com/media/GVbidWRaMAAp7gf.jpg,2024-08-20 22-00-img_16.png,https://t.co/JMoQtOSryI,411,43,1
2024-08-18 16:36,🍁,@3166ye,https://twitter.com/yez3166/status/1825089474575187991/photo/1,Image,https://pbs.twimg.com/media/GVQFMp1agAAtSjk.jpg,2024-08-18 16-36-img_18.png,https://t.co/OasYqLxvxN,399,39,2
2024-08-18 02:31,🍁,@3166ye,https://twitter.com/yez3166/status/1824876607036858621/photo/1,Image,https://pbs.twimg.com/media/GVNDmReaAAAxW-o.jpg,2024-08-18 02-31-img_20.png,https://t.co/CPGmOyAkAi,182,10,0
2024-08-18 16:05,🍁,@3166ye,https://twitter.com/yez3166/status/1825081675749154932/photo/1,Image,https://pbs.twimg.com/media/GVP-GfZawAA0JHq.jpg,2024-08-18 16-05-img_19.png,https://t.co/hUrtnxYTOG,710,85,4
2024-08-17 11:37,🍁,@3166ye,https://twitter.com/yez3166/status/1824651778086089052/photo/1,Image,https://pbs.twimg.com/media/GVJ3Hcga4AA12k1.jpg,2024-08-17 11-37-img_21.png,https://t.co/yo68gPblJo,470,36,2
2024-08-16 19:53,🍁,@3166ye,https://twitter.com/yez3166/status/1824414201672253643/photo/1,Image,https://pbs.twimg.com/media/GVGfCupaEAEguon.jpg,2024-08-16 19-53-img_23.png,https://t.co/Setp4QaoCl,181,12,0
2024-08-15 21:47,🍁,@3166ye,https://twitter.com/yez3166/status/1824080400190500950/photo/1,Image,https://pbs.twimg.com/media/GVBvcrva0AAh32W.jpg,2024-08-15 21-47-img_24.png,https://t.co/vK98DQUwH9,450,36,3
2024-08-14 20:51,🍁,@3166ye,https://twitter.com/yez3166/status/1823704066456948765/photo/1,Image,https://pbs.twimg.com/media/GU8ZLKma4AI5lfO.jpg,2024-08-14 20-51-img_26.png,https://t.co/2aIWHce7vA,145,9,1
2024-08-16 23:07,🍁,@3166ye,https://twitter.com/yez3166/status/1824463095315771435/photo/1,Image,https://pbs.twimg.com/media/GVHLgD_b0AAmh_r.jpg,2024-08-16 23-07-img_22.png,https://t.co/txXHTFtRPD,83,4,3
2024-08-14 21:15,🍁,@3166ye,https://twitter.com/yez3166/status/1823709951136817348/photo/1,Image,https://pbs.twimg.com/media/GU8ehzRa4AAtCdI.jpg,2024-08-14 21-15-img_25.png,https://t.co/tmhqcFo5d2,484,46,1
2024-08-13 11:20,🍁,@3166ye,https://twitter.com/yez3166/status/1823197811133071689/photo/1,Image,https://pbs.twimg.com/media/GU1MvRbWUAAYMzI.jpg,2024-08-13 11-20-img_28.png,https://t.co/zCCvw3mX4d,146,11,3
2024-08-14 12:45,🍁,@3166ye,https://twitter.com/yez3166/status/1823581771805683815/photo/1,Image,https://pbs.twimg.com/media/GU6p8yHakAAmXRj.jpg,2024-08-14 12-45-img_27.png,https://t.co/kHwhxVk88M,426,16,7
2024-08-13 10:04,🍁,@3166ye,https://twitter.com/yez3166/status/1823178767876919395/photo/1,Image,https://pbs.twimg.com/media/GU07a2dbEAAlxxu.jpg,2024-08-13 10-04-img_29.png,https://t.co/lG6GMhkpw2,140,8,5
2024-08-12 05:50,🍁,@3166ye,https://twitter.com/yez3166/status/1822752519585702156/photo/1,Image,https://pbs.twimg.com/media/GUu3wKBbcAASb0m.jpg,2024-08-12 05-50-img_31.png,fanart https://t.co/mwbMVlYHcl,232,11,1
2024-08-11 20:52,🍁,@3166ye,https://twitter.com/yez3166/status/1822616979460522210/video/1,Video,https://video.twimg.com/amplify_video/1822616905569767424/vid/avc1/952x720/eWQIIJq8BdnwI4eT.mp4?tag=16,2024-08-11 20-52-vid_32.mp4,Youtube preview https://t.co/pruvgDquLj,128,12,0
2024-08-12 18:12,🍁,@3166ye,https://twitter.com/yez3166/status/1822939196920844383/photo/1,Image,https://pbs.twimg.com/media/GUxhh_QacAA73is.jpg,2024-08-12 18-12-img_30.png,https://t.co/3DAolC36xN,623,53,4
2024-08-11 19:21,🍁,@3166ye,https://twitter.com/yez3166/status/1822594127332020661/photo/1,Image,https://pbs.twimg.com/media/GUsnshyb0AASGUW.jpg,2024-08-11 19-21-img_34.png,https://t.co/roHuS1B2Xw,268,30,3
2024-08-11 19:53,🍁,@3166ye,https://twitter.com/yez3166/status/1822602238000595060/photo/1,Image,https://pbs.twimg.com/media/GUsvEigbQAAwBXb.jpg,2024-08-11 19-53-img_33.png,Tentacle ye (for video) https://t.co/YwDnEvedsP,189,14,3
2024-08-10 18:17,🍁,@3166ye,https://twitter.com/yez3166/status/1822215733155074472/photo/1,Image,https://pbs.twimg.com/media/GUnPi-VXsAADIOy.jpg,2024-08-10 18-17-img_38.png,https://t.co/FFmSJZ0ZlN,122,6,2
2024-08-11 09:02,🍁,@3166ye,https://twitter.com/yez3166/status/1822438373228786075/photo/1,Image,https://pbs.twimg.com/media/GUqaCaqXoAAT4kg.jpg,2024-08-11 09-02-img_37.png,https://t.co/Zly5Xk94mJ,160,9,0
2024-08-11 19:19,🍁,@3166ye,https://twitter.com/yez3166/status/1822593631565607185/photo/1,Image,https://pbs.twimg.com/media/GUsnPipaIAAdtxe.jpg,2024-08-11 19-19-img_35.png,From @RewsDraws https://t.co/zCHxnyzaSH,224,20,1
2024-08-11 11:13,🍁,@3166ye,https://twitter.com/yez3166/status/1822471470594814243/photo/1,Image,https://pbs.twimg.com/media/GUq4IzwWAAAm0hx.jpg,2024-08-11 11-13-img_36.png,https://t.co/eGysoHT1yD,213,21,1
2024-08-09 14:26,🍁,@3166ye,https://twitter.com/yez3166/status/1821795159656247798/photo/1,Image,https://pbs.twimg.com/media/GUhRCDHX0AA1YM3.jpg,2024-08-09 14-26-img_42.png,https://t.co/sQgkg31hba,464,44,4
2024-08-10 16:53,🍁,@3166ye,https://twitter.com/yez3166/status/1822194649907269819/photo/1,Image,https://pbs.twimg.com/media/GUm8Xw4XgAANtAG.jpg,2024-08-10 16-53-img_39.png,https://t.co/XvlBQAyMXZ,397,37,1
2024-08-10 07:59,🍁,@3166ye,https://twitter.com/yez3166/status/1822060081212756364/photo/1,Image,https://pbs.twimg.com/media/GUlB-wXWsAAcbF9.jpg,2024-08-10 07-59-img_40.png,https://t.co/yyLmnv7uNV,277,27,1
2024-08-09 14:27,🍁,@3166ye,https://twitter.com/yez3166/status/1821795428427305134/photo/1,Image,https://pbs.twimg.com/media/GUhRSASWUAAMBC_.jpg,2024-08-09 14-27-img_41.png,fanart https://t.co/kTuy5cprKi,316,24,2
2024-08-09 13:58,🍁,@3166ye,https://twitter.com/yez3166/status/1821788065662112197/photo/1,Image,https://pbs.twimg.com/media/GUhKlaUX0AAvbdV.jpg,2024-08-09 13-58-img_43.png,https://t.co/tGNEkLM3C2,189,13,1
2024-08-07 07:42,🍁,@3166ye,https://twitter.com/yez3166/status/1820968700494934238/photo/1,Image,https://pbs.twimg.com/media/GUVhYA8XkAAJ-ue.jpg,2024-08-07 07-42-img_44.png,Thanks 3k follow https://t.co/lcm2rABraI,1585,111,10
2024-08-05 13:09,🍁,@3166ye,https://twitter.com/yez3166/status/1820326343038394638/photo/1,Image,https://pbs.twimg.com/media/GUMZJe1W0AAowEv.jpg,2024-08-05 13-09-img_45.png,https://t.co/PsTb0xn9Ej,3123,193,8
2024-08-04 12:48,🍁,@3166ye,https://twitter.com/yez3166/status/1819958524304368115/photo/1,Image,https://pbs.twimg.com/media/GUHKnucaUAE_rS0.jpg,2024-08-04 12-48-img_48.png,https://t.co/lQGiBznikt,193,18,3
2024-08-05 03:35,🍁,@3166ye,https://twitter.com/yez3166/status/1820181911136031095/photo/1,Image,https://pbs.twimg.com/media/GUKVy_fWEAAN9sc.jpg,2024-08-05 03-35-img_46.png,https://t.co/RFoA0NqukA,399,33,3
2024-08-04 14:43,🍁,@3166ye,https://twitter.com/yez3166/status/1819987560409841736/photo/1,Image,https://pbs.twimg.com/media/GUHlCI4bIAAyEW3.jpg,2024-08-04 14-43-img_47.png,https://t.co/RomHWInwJD,529,68,6
2024-08-04 00:40,🍁,@3166ye,https://twitter.com/yez3166/status/1819775470558462053/photo/1,Image,https://pbs.twimg.com/media/GUEkIcka0AAYl04.jpg,2024-08-04 00-40-img_51.png,https://t.co/0GPPIKeJDK,202,15,1
2024-08-04 06:25,🍁,@3166ye,https://twitter.com/yez3166/status/1819862126082871686/photo/1,Image,https://pbs.twimg.com/media/GUFy8vXWYAAOB_O.jpg,2024-08-04 06-25-img_49.png,https://t.co/OJTZb9q3Vt,471,45,3
2024-08-04 01:17,🍁,@3166ye,https://twitter.com/yez3166/status/1819784628636614714/photo/1,Image,https://pbs.twimg.com/media/GUEsdq6XwAAfUoH.jpg,2024-08-04 01-17-img_50.png,https://t.co/M0dfTIFw4t,174,13,3
2024-08-03 05:17,🍁,@3166ye,https://twitter.com/yez3166/status/1819482597074075686/photo/1,Image,https://pbs.twimg.com/media/GUAZxi0b0AEB1Zv.jpg,2024-08-03 05-17-img_53.png,https://t.co/dJcFmIj5zo,246,16,3
2024-08-03 16:43,🍁,@3166ye,https://twitter.com/yez3166/status/1819655325949349990/photo/1,Image,https://pbs.twimg.com/media/GUC23Ugb0AAiLsF.jpg,2024-08-03 16-43-img_52.png,3 years ago picture https://t.co/qdpcE84kWk,621,51,6
2024-08-02 10:32,🍁,@3166ye,https://twitter.com/yez3166/status/1819199553993900293/photo/1,Image,https://pbs.twimg.com/media/GT8YWJ3aUAA0yD-.jpg,2024-08-02 10-32-img_55.png,🍀 https://t.co/JblMSJwlFT,256,29,3
2024-08-02 10:32,🍁,@3166ye,https://twitter.com/yez3166/status/1819199553993900293/photo/1,Image,https://pbs.twimg.com/media/GT8YWKcWQAIAlsk.jpg,2024-08-02 10-32-img_54.png,🍀 https://t.co/JblMSJwlFT,256,29,3
2024-08-02 10:32,🍁,@3166ye,https://twitter.com/yez3166/status/1819199553993900293/photo/1,Image,https://pbs.twimg.com/media/GT8YWKeXIAAtV5n.jpg,2024-08-02 10-32-img_56.png,🍀 https://t.co/JblMSJwlFT,256,29,3
2024-08-02 05:05,🍁,@3166ye,https://twitter.com/yez3166/status/1819117344721195255/photo/1,Image,https://pbs.twimg.com/media/GT7NlE5b0AAbPNs.jpg,2024-08-02 05-05-img_60.png,Thanks 2.7k follow https://t.co/4zCCgfh16t,104,7,2
2024-08-02 05:37,🍁,@3166ye,https://twitter.com/yez3166/status/1819125245825188095/photo/1,Image,https://pbs.twimg.com/media/GT7Uw5fb0AE-sTT.jpg,2024-08-02 05-37-img_59.png,https://t.co/1wWWAPxp2a,1267,106,16
2024-08-02 10:32,🍁,@3166ye,https://twitter.com/yez3166/status/1819199553993900293/photo/1,Image,https://pbs.twimg.com/media/GT8YWJ7b0AMJdpa.jpg,2024-08-02 10-32-img_57.png,🍀 https://t.co/JblMSJwlFT,256,29,3
2024-08-02 08:03,🍁,@3166ye,https://twitter.com/yez3166/status/1819162149643796714/photo/1,Image,https://pbs.twimg.com/media/GT72U4oW4AALHZe.jpg,2024-08-02 08-03-img_58.png,https://t.co/0PmGwM5DZL,44,1,1
2024-08-01 21:07,🍁,@3166ye,https://twitter.com/yez3166/status/1818996976958292375/photo/1,Image,https://pbs.twimg.com/media/GT5gG0saQAEEFHf.jpg,2024-08-01 21-07-img_63.png,https://t.co/45yhxJGSCA,617,61,3
2024-08-02 04:17,🍁,@3166ye,https://twitter.com/yez3166/status/1819105260646158542/photo/1,Image,https://pbs.twimg.com/media/GT7Clqvb0AIXnp8.jpg,2024-08-02 04-17-img_62.png,https://t.co/X5HCtO4Ls3,128,8,3
2024-08-02 04:50,🍁,@3166ye,https://twitter.com/yez3166/status/1819113495872655605/photo/1,Image,https://pbs.twimg.com/media/GT7KE9_b0AIQJP9.jpg,2024-08-02 04-50-img_61.png,https://t.co/JYv8fhIa6x,364,36,2
2024-07-31 16:41,🍁,@3166ye,https://twitter.com/yez3166/status/1818567592149499921/photo/1,Image,https://pbs.twimg.com/media/GTzZkMPaQAAUotP.jpg,2024-07-31 16-41-img_64.png,https://t.co/KlnBSRSVXs,390,38,4
2024-07-31 15:33,🍁,@3166ye,https://twitter.com/yez3166/status/1818550636675502095/photo/1,Image,https://pbs.twimg.com/media/GTzKKTebkAAvyaz.jpg,2024-07-31 15-33-img_65.png,https://t.co/DJMMfaf4ja,289,23,2
2024-07-30 06:40,🍁,@3166ye,https://twitter.com/yez3166/status/1818054110849155197/photo/1,Image,https://pbs.twimg.com/media/GTsGks9bcAAyUHw.jpg,2024-07-30 06-40-img_66.png,https://t.co/f0YniZu5G3,440,41,1
2024-07-29 11:06,🍁,@3166ye,https://twitter.com/yez3166/status/1817758562212565356/photo/1,Image,https://pbs.twimg.com/media/GTn5xeabUAAkVaA.jpg,2024-07-29 11-06-img_68.png,https://t.co/UmPK4QDF8i,364,28,3
2024-07-29 10:15,🍁,@3166ye,https://twitter.com/yez3166/status/1817745795917222189/photo/1,Image,https://pbs.twimg.com/media/GTnuKaga8AA8o4H.jpg,2024-07-29 10-15-img_69.png,https://t.co/Dplru4YeEc,200,17,3
2024-07-29 11:10,🍁,@3166ye,https://twitter.com/yez3166/status/1817759631193813253/photo/1,Image,https://pbs.twimg.com/media/GTn6vpGaMAA13sv.jpg,2024-07-29 11-10-img_67.png,https://t.co/BxlPyk10ZZ,1484,80,4
2024-07-28 10:12,🍁,@3166ye,https://twitter.com/yez3166/status/1817382584801992716/photo/1,Image,https://pbs.twimg.com/media/GTij0w1asAAfRcn.jpg,2024-07-28 10-12-img_70.png,https://t.co/1sgnX06dYt,621,60,5
2024-07-26 08:55,🍁,@3166ye,https://twitter.com/yez3166/status/1816638492958683348/photo/1,Image,https://pbs.twimg.com/media/GTX_E-_agAAsQHX.jpg,2024-07-26 08-55-img_71.png,Neko https://t.co/hZ8JfSwkr5,471,46,4
2024-07-26 04:40,🍁,@3166ye,https://twitter.com/yez3166/status/1816574327619498006/photo/1,Image,https://pbs.twimg.com/media/GTXEt8CakAADrha.jpg,2024-07-26 04-40-img_73.png,https://t.co/fw3VOtVsCA,209,22,3
2024-07-26 08:54,🍁,@3166ye,https://twitter.com/yez3166/status/1816638244005777614/photo/1,Image,https://pbs.twimg.com/media/GTX-2ZpaMAAdkSS.jpg,2024-07-26 08-54-img_72.png,https://t.co/dtQdD5Ckc3,282,27,0
2024-07-26 04:24,🍁,@3166ye,https://twitter.com/yez3166/status/1816570211467985202/photo/1,Image,https://pbs.twimg.com/media/GTXA-X8acAAaYWP.jpg,2024-07-26 04-24-img_74.png,https://t.co/GAgKIdCMvI,435,37,4
2024-07-24 08:16,🍁,@3166ye,https://twitter.com/yez3166/status/1815903907370906044/photo/1,Image,https://pbs.twimg.com/media/GTNi-bHXgAA1IwK.jpg,2024-07-24 08-16-img_76.png,https://t.co/NBnSg535S8,93,5,2
2024-07-24 08:51,🍁,@3166ye,https://twitter.com/yez3166/status/1815912739422032249/photo/1,Image,https://pbs.twimg.com/media/GTNrAZBXUAAu5aL.jpg,2024-07-24 08-51-img_75.png,https://t.co/ZXqB4XAN3t,570,62,8
2024-07-21 20:57,🍁,@3166ye,https://twitter.com/yez3166/status/1815008124824072434/photo/1,Image,https://pbs.twimg.com/media/GTA0Q4qW4AAGycm.jpg,2024-07-21 20-57-img_81.png,https://t.co/XnJr2zCmxi,343,33,2
2024-07-21 12:50,🍁,@3166ye,https://twitter.com/yez3166/status/1814885586156597683/photo/1,Image,https://pbs.twimg.com/media/GS_E0UVXQAAh9vd.jpg,2024-07-21 12-50-img_84.png,https://t.co/dBZ2MPSJok,286,22,5
2024-07-22 08:54,🍁,@3166ye,https://twitter.com/yez3166/status/1815188524213117211/photo/1,Image,https://pbs.twimg.com/media/GTDYViuWIAAvF6C.jpg,2024-07-22 08-54-img_80.png,Old wip https://t.co/A4RxvndqSV,365,37,4
2024-07-22 22:31,🍁,@3166ye,https://twitter.com/yez3166/status/1815394297987903883/photo/1,Image,https://pbs.twimg.com/media/GTGTe5RWAAAcV27.jpg,2024-07-22 22-31-img_78.png,https://t.co/EufH4Lt2PK,294,30,1
2024-07-23 05:50,🍁,@3166ye,https://twitter.com/yez3166/status/1815504803960873415/photo/1,Image,https://pbs.twimg.com/media/GTH3_bwXwAIulGP.jpg,2024-07-23 05-50-img_77.png,https://t.co/Wu79f5ra76,287,31,5
2024-07-22 22:04,🍁,@3166ye,https://twitter.com/yez3166/status/1815387541710790733/photo/1,Image,https://pbs.twimg.com/media/GTGNV6kWkAEmxJb.jpg,2024-07-22 22-04-img_79.png,https://t.co/f3DURbD8eS,219,25,2
2024-07-21 20:04,🍁,@3166ye,https://twitter.com/yez3166/status/1814994772056035431/photo/1,Image,https://pbs.twimg.com/media/GTAoHfXXYAAwE9h.jpg,2024-07-21 20-04-img_83.png,https://t.co/vVqgVYMnLC,427,40,3
2024-07-21 20:17,🍁,@3166ye,https://twitter.com/yez3166/status/1814998038072439079/photo/1,Image,https://pbs.twimg.com/media/GTArFnAWIAE0VhD.jpg,2024-07-21 20-17-img_82.png,https://t.co/MPkrIlAwSo,325,43,1
2024-07-20 16:50,🍁,@3166ye,https://twitter.com/yez3166/status/1814583708315242633/photo/1,Image,https://pbs.twimg.com/media/GS6yQkbWkAEcpkb.jpg,2024-07-20 16-50-img_85.png,https://t.co/J68plWD7Wp,824,79,5
2024-07-20 16:48,🍁,@3166ye,https://twitter.com/yez3166/status/1814583267691008072/photo/1,Image,https://pbs.twimg.com/media/GS6x27PWgAAAsOk.jpg,2024-07-20 16-48-img_86.png,https://t.co/04dofRPX5t,447,55,1
2024-07-19 18:55,🍁,@3166ye,https://twitter.com/yez3166/status/1814252814987673932/photo/1,Image,https://pbs.twimg.com/media/GS2FUBLWYAAfMv6.jpg,2024-07-19 18-55-img_89.png,https://t.co/nRbZSUkHp8,321,44,1
2024-07-20 11:13,🍁,@3166ye,https://twitter.com/yez3166/status/1814498809239453703/photo/1,Image,https://pbs.twimg.com/media/GS5lCt8XAAARXrk.jpg,2024-07-20 11-13-img_87.png,Thanks 10K/4 follows https://t.co/oVIgfKSsgj,404,35,7
2024-07-19 03:05,🍁,@3166ye,https://twitter.com/yez3166/status/1814013668914311337/photo/1,Image,https://pbs.twimg.com/media/GSyrz70X0AIQuLR.jpg,2024-07-19 03-05-img_90.png,https://t.co/qcxZWWHDLu,115,6,0
2024-07-19 01:44,🍁,@3166ye,https://twitter.com/yez3166/status/1813993241022455847/photo/1,Image,https://pbs.twimg.com/media/GSyZO55WMAA868B.jpg,2024-07-19 01-44-img_92.png,https://t.co/fKV6BPJNQW,116,8,0
2024-07-19 01:44,🍁,@3166ye,https://twitter.com/yez3166/status/1813993300103151890/photo/1,Image,https://pbs.twimg.com/media/GSyZSaYXwAADvDX.jpg,2024-07-19 01-44-img_91.png,https://t.co/sb65gNIRWi,86,6,0
2024-07-19 22:11,🍁,@3166ye,https://twitter.com/yez3166/status/1814301939003171044/photo/1,Image,https://pbs.twimg.com/media/GS2x-1mWQAEQILN.jpg,2024-07-19 22-11-img_88.png,https://t.co/EBrWMvnvQl,1027,109,7
2024-07-18 21:41,🍁,@3166ye,https://twitter.com/yez3166/status/1813932158291251381/photo/1,Image,https://pbs.twimg.com/media/GSxhrcPXAAAsISS.jpg,2024-07-18 21-41-img_93.png,https://t.co/dg2LF2Pu0t,339,31,2
2024-07-17 21:21,🍁,@3166ye,https://twitter.com/yez3166/status/1813564635276333127/photo/1,Image,https://pbs.twimg.com/media/GSsTaykXkAAmdZH.jpg,2024-07-17 21-21-img_96.png,https://t.co/5Aj7EaivRc,125,8,1
2024-07-18 21:34,🍁,@3166ye,https://twitter.com/yez3166/status/1813930289753923945/photo/1,Image,https://pbs.twimg.com/media/GSxf-oTWwAAmNqG.jpg,2024-07-18 21-34-img_94.png,https://t.co/mxebsFjqNu,402,48,3
2024-07-15 16:53,🍁,@3166ye,https://twitter.com/yez3166/status/1812772506807251005/photo/1,Image,https://pbs.twimg.com/media/GShC-w4WQAARX78.jpg,2024-07-15 16-53-img_100.png,https://t.co/iPXNU98DX9,429,41,2
2024-07-18 18:27,🍁,@3166ye,https://twitter.com/yez3166/status/1813883166220042429/photo/1,Image,https://pbs.twimg.com/media/GSw1HowXAAAl44Y.jpg,2024-07-18 18-27-img_95.png,https://t.co/Pfq4dYFRwJ,283,36,3
2024-07-17 16:50,🍁,@3166ye,https://twitter.com/yez3166/status/1813496557288784182/photo/1,Image,https://pbs.twimg.com/media/GSrVgIaWIAAdoMh.jpg,2024-07-17 16-50-img_97.png,https://t.co/ddT8byDHxy,562,58,3
2024-07-15 16:54,🍁,@3166ye,https://twitter.com/yez3166/status/1812772612826685529/photo/1,Image,https://pbs.twimg.com/media/GShDEi8WYAAqt4T.jpg,2024-07-15 16-54-img_99.png,https://t.co/Uh52AFp5jk,133,13,0
2024-07-15 16:53,🍁,@3166ye,https://twitter.com/yez3166/status/1812772479275766143/photo/1,Image,https://pbs.twimg.com/media/GShC9KwXwAEiCry.jpg,2024-07-15 16-53-img_101.png,https://t.co/fu5ox7j2KR,126,9,0
2024-07-17 05:11,🍁,@3166ye,https://twitter.com/yez3166/status/1813320600968179777/photo/1,Image,https://pbs.twimg.com/media/GSo1eF5WUAAsUQA.jpg,2024-07-17 05-11-img_98.png,https://t.co/sxwuilsEyI,807,87,7
2024-07-14 19:38,🍁,@3166ye,https://twitter.com/yez3166/status/1812451537760788703/photo/1,Image,https://pbs.twimg.com/media/GScfEDNWIAAS4AE.jpg,2024-07-14 19-38-img_103.png,https://t.co/U9dOA9obVX,123,0,1
2024-07-15 01:04,🍁,@3166ye,https://twitter.com/yez3166/status/1812533697326805002/photo/1,Image,https://pbs.twimg.com/media/GSdpyF4XIAAI3So.jpg,2024-07-15 01-04-img_102.png,fanart https://t.co/LwfnMsouFx,157,0,2
2024-07-14 18:41,🍁,@3166ye,https://twitter.com/yez3166/status/1812437336195559431/photo/1,Image,https://pbs.twimg.com/media/GScSJWEXgAAoOcN.jpg,2024-07-14 18-41-img_104.png,https://t.co/KME7X9AGOF,89,0,0
2024-07-12 23:28,🍁,@3166ye,https://twitter.com/yez3166/status/1811784687242600587/photo/1,Image,https://pbs.twimg.com/media/GSTAdgYXQAAJZmw.jpg,2024-07-12 23-28-img_106.png,#2024年自分が選ぶ今年上半期の4枚 https://t.co/DOrbv2vTUX,276,42,4
2024-07-14 00:46,🍁,@3166ye,https://twitter.com/yez3166/status/1812166617431732526/photo/1,Image,https://pbs.twimg.com/media/GSYb7cbXAAALD_k.jpg,2024-07-14 00-46-img_105.png,https://t.co/lb9VcwvtSk,288,2,4
2024-07-12 23:28,🍁,@3166ye,https://twitter.com/yez3166/status/1811784687242600587/photo/1,Image,https://pbs.twimg.com/media/GSTAdhEagAEkZ2h.jpg,2024-07-12 23-28-img_107.png,#2024年自分が選ぶ今年上半期の4枚 https://t.co/DOrbv2vTUX,276,42,4
2024-07-12 23:28,🍁,@3166ye,https://twitter.com/yez3166/status/1811784687242600587/photo/1,Image,https://pbs.twimg.com/media/GSTAdgYWkAAgCBw.jpg,2024-07-12 23-28-img_108.png,#2024年自分が選ぶ今年上半期の4枚 https://t.co/DOrbv2vTUX,276,42,4
2024-07-12 23:28,🍁,@3166ye,https://twitter.com/yez3166/status/1811784687242600587/photo/1,Image,https://pbs.twimg.com/media/GSTAdg2bMAApzkU.jpg,2024-07-12 23-28-img_109.png,#2024年自分が選ぶ今年上半期の4枚 https://t.co/DOrbv2vTUX,276,42,4
2024-07-12 15:35,🍁,@3166ye,https://twitter.com/yez3166/status/1811665727490863565/photo/1,Image,https://pbs.twimg.com/media/GSRUXxyW0AActeZ.jpg,2024-07-12 15-35-img_110.png,https://t.co/e2LJ8K4Wxs,293,27,0
2024-07-11 01:28,🍁,@3166ye,https://twitter.com/yez3166/status/1811090100412936406/photo/1,Image,https://pbs.twimg.com/media/GSJI1o0XMAAQv9K.jpg,2024-07-11 01-28-img_111.png,https://t.co/OExMcpraAQ,225,25,0
2024-07-11 01:17,🍁,@3166ye,https://twitter.com/yez3166/status/1811087335225790920/photo/1,Image,https://pbs.twimg.com/media/GSJGU_HWwAAurP9.jpg,2024-07-11 01-17-img_113.png,https://t.co/2srMlOa8ME,125,12,0
2024-07-11 01:28,🍁,@3166ye,https://twitter.com/yez3166/status/1811090077650669715/photo/1,Image,https://pbs.twimg.com/media/GSJI0FMasAEMbvj.jpg,2024-07-11 01-28-img_112.png,https://t.co/hXNvLPhX4f,299,28,0
2024-07-10 23:48,🍁,@3166ye,https://twitter.com/yez3166/status/1811064932147794338/photo/1,Image,https://pbs.twimg.com/media/GSIx8mXWMAANtwW.jpg,2024-07-10 23-48-img_115.png,https://t.co/96reyQzeB3,112,11,2
2024-07-11 01:07,🍁,@3166ye,https://twitter.com/yez3166/status/1811084870682067266/photo/1,Image,https://pbs.twimg.com/media/GSJEFL-X0AI3Q0n.jpg,2024-07-11 01-07-img_114.png,https://t.co/d3eGNMPZL5,257,24,1
2024-07-10 18:21,🍁,@3166ye,https://twitter.com/yez3166/status/1810982699676389443/photo/1,Image,https://pbs.twimg.com/media/GSHnJ0JW0AAjI8t.jpg,2024-07-10 18-21-img_116.png,https://t.co/kXXYrqoprP,111,11,0
2024-07-10 18:04,🍁,@3166ye,https://twitter.com/yez3166/status/1810978418537775185/photo/1,Image,https://pbs.twimg.com/media/GSHjRAbWcAE2KGy.jpg,2024-07-10 18-04-img_117.png,Old sketch https://t.co/B9ToSG4J4c,237,21,1
2024-07-10 13:19,🍁,@3166ye,https://twitter.com/yez3166/status/1810906733105070148/photo/1,Image,https://pbs.twimg.com/media/GSGiEpBXgAAveFu.jpg,2024-07-10 13-19-img_118.png,https://t.co/mDuJ3QQSFx,101,4,1
2024-07-10 13:19,🍁,@3166ye,https://twitter.com/yez3166/status/1810906677496963158/photo/1,Image,https://pbs.twimg.com/media/GSGiBVVXEAAGgb2.jpg,2024-07-10 13-19-img_119.png,https://t.co/73VNPSp0iz,126,9,3
2024-07-10 01:42,🍁,@3166ye,https://twitter.com/yez3166/status/1810731235573952690/photo/1,Image,https://pbs.twimg.com/media/GSECdKwawAA1hCS.jpg,2024-07-10 01-42-img_121.png,https://t.co/iZDna3E8Ni,363,36,1
2024-07-08 19:31,🍁,@3166ye,https://twitter.com/yez3166/status/1810275492760588668/photo/1,Image,https://pbs.twimg.com/media/GR9j9gOXEAAExB0.jpg,2024-07-08 19-31-img_122.png,https://t.co/AwRsqsFyca,340,32,2
2024-07-08 00:55,🍁,@3166ye,https://twitter.com/yez3166/status/1809994741364429038/photo/1,Image,https://pbs.twimg.com/media/GR5knSFWAAAfEOh.jpg,2024-07-08 00-55-img_123.png,https://t.co/RAc7xdgUdm,107,7,0
2024-07-10 13:19,🍁,@3166ye,https://twitter.com/yez3166/status/1810906639551049770/photo/1,Image,https://pbs.twimg.com/media/GSGh-5WWIAATg0W.jpg,2024-07-10 13-19-img_120.png,https://t.co/WPFWlbXM8K,168,11,2
2024-07-07 23:13,🍁,@3166ye,https://twitter.com/yez3166/status/1809968920834474110/photo/1,Image,https://pbs.twimg.com/media/GR5NIuTW4AAU2MX.jpg,2024-07-07 23-13-img_125.png,https://t.co/kHWHRVE6Ps,150,8,1
2024-07-07 23:46,🍁,@3166ye,https://twitter.com/yez3166/status/1809977323988394018/photo/1,Image,https://pbs.twimg.com/media/GR5Uxi-W8AA9SZq.jpg,2024-07-07 23-46-img_124.png,Fire https://t.co/9gI2DWQeOi,263,27,3
2024-07-07 22:27,🍁,@3166ye,https://twitter.com/yez3166/status/1809957520947241153/photo/1,Image,https://pbs.twimg.com/media/GR5Cw_1bEAA6WgY.jpg,2024-07-07 22-27-img_126.png,https://t.co/g8uhIKyYi0,167,13,0
2024-07-07 21:10,🍁,@3166ye,https://twitter.com/yez3166/status/1809937954619748468/photo/1,Image,https://pbs.twimg.com/media/GR4w-QwbMAAxtgx.jpg,2024-07-07 21-10-img_127.png,https://t.co/IxpCDwlt8R,101,8,1
2024-07-07 20:33,🍁,@3166ye,https://twitter.com/yez3166/status/1809928626131157168/photo/1,Image,https://pbs.twimg.com/media/GR4ofFOaAAAwb02.jpg,2024-07-07 20-33-img_128.png,https://t.co/6jjpm70fCj,217,17,0
2024-07-07 13:56,🍁,@3166ye,https://twitter.com/yez3166/status/1809828835619389702/photo/1,Image,https://pbs.twimg.com/media/GR3Nus-acAIVVAe.jpg,2024-07-07 13-56-img_130.png,We’ve reached 1M views https://t.co/WyaQZC9XJn,82,4,6
2024-07-06 21:09,🍁,@3166ye,https://twitter.com/yez3166/status/1809575407026606354/photo/1,Image,https://pbs.twimg.com/media/GRznPEbacAQzIx9.jpg,2024-07-06 21-09-img_132.png,https://t.co/lfawogOadz,350,38,0
2024-07-07 17:08,🍁,@3166ye,https://twitter.com/yez3166/status/1809877248213987672/photo/1,Image,https://pbs.twimg.com/media/GR35wXdaYAE-8tJ.jpg,2024-07-07 17-08-img_129.png,https://t.co/gqaueIQIQA,347,42,2
2024-07-07 02:29,🍁,@3166ye,https://twitter.com/yez3166/status/1809656043372441842/photo/1,Image,https://pbs.twimg.com/media/GR0wkyqaUAAyQ9y.jpg,2024-07-07 02-29-img_131.png,Thanks 2.4K follows https://t.co/Tggl0VAwI3,319,29,4
2024-07-06 18:14,🍁,@3166ye,https://twitter.com/yez3166/status/1809531249373114776/photo/1,Image,https://pbs.twimg.com/media/GRy_E2tacAUofXe.jpg,2024-07-06 18-14-img_133.png,https://t.co/zcwwmWea9R,291,33,4
2024-07-06 13:03,🍁,@3166ye,https://twitter.com/yez3166/status/1809453089965109314/photo/1,Image,https://pbs.twimg.com/media/GRx3_duacAIopqc.jpg,2024-07-06 13-03-img_134.png,https://t.co/4LvrwZWCgz,404,35,2
2024-07-05 23:22,🍁,@3166ye,https://twitter.com/yez3166/status/1809246578919796753/photo/1,Image,https://pbs.twimg.com/media/GRu8K45aQAAppey.jpg,2024-07-05 23-22-img_136.png,https://t.co/Uy5Q9rLwsq,203,15,1
2024-07-06 11:43,🍁,@3166ye,https://twitter.com/yez3166/status/1809432939215876193/photo/1,Image,https://pbs.twimg.com/media/GRxlqZ8aQAARcPs.jpg,2024-07-06 11-43-img_135.png,https://t.co/3SESm8074o,154,14,1
2024-07-05 18:56,🍁,@3166ye,https://twitter.com/yez3166/status/1809179511088681455/photo/1,Image,https://pbs.twimg.com/media/GRt_LF_a4AAwlpG.jpg,2024-07-05 18-56-img_138.png,https://t.co/sq5rJKtrWM,1132,86,5
2024-07-05 16:23,🍁,@3166ye,https://twitter.com/yez3166/status/1809141104119525554/photo/1,Image,https://pbs.twimg.com/media/GRtcPRcbIAA2eya.jpg,2024-07-05 16-23-img_139.png,https://t.co/OTCkdwCYhw,128,11,2
2024-07-05 22:56,🍁,@3166ye,https://twitter.com/yez3166/status/1809240013697434019/photo/1,Image,https://pbs.twimg.com/media/GRu2Mpoa0AAgW-W.jpg,2024-07-05 22-56-img_137.png,https://t.co/Jb6hkwt7xT,237,27,5
2024-07-05 07:07,🍁,@3166ye,https://twitter.com/yez3166/status/1809001063359598724/photo/1,Image,https://pbs.twimg.com/media/GRrc3-FbMAMewFg.jpg,2024-07-05 07-07-img_140.png,https://t.co/Rp4ViryYXN,214,17,2
2024-07-05 00:40,🍁,@3166ye,https://twitter.com/yez3166/status/1808903800415211551/photo/1,Image,https://pbs.twimg.com/media/GRqEajWbMAEfCG-.jpg,2024-07-05 00-40-img_142.png,https://t.co/MVbqek9MZ6,211,23,1
2024-07-05 00:40,🍁,@3166ye,https://twitter.com/yez3166/status/1808903830870110303/photo/1,Image,https://pbs.twimg.com/media/GRqEcUAbMAUw1CU.jpg,2024-07-05 00-40-img_141.png,https://t.co/RBSs22UrZM,126,9,2
2024-07-04 19:29,🍁,@3166ye,https://twitter.com/yez3166/status/1808825572979847532/photo/1,Image,https://pbs.twimg.com/media/GRo9RELbMAIcCH8.jpg,2024-07-04 19-29-img_143.png,Thanks 2.3k follows https://t.co/WGYork8S1t,307,20,6
2024-07-02 18:18,🍁,@3166ye,https://twitter.com/yez3166/status/1808082739079664129/photo/1,Image,https://pbs.twimg.com/media/GReZqikb0AIFVSP.jpg,2024-07-02 18-18-img_146.png,https://t.co/eSIcNHvk7G,513,49,4
2024-07-04 16:11,🍁,@3166ye,https://twitter.com/yez3166/status/1808775567912939793/photo/1,Image,https://pbs.twimg.com/media/GRoPyRdbMAAb_KZ.jpg,2024-07-04 16-11-img_145.png,I felt good https://t.co/JnfHsd4WHP,366,22,2
2024-07-04 18:35,🍁,@3166ye,https://twitter.com/yez3166/status/1808811969312608599/photo/1,Image,https://pbs.twimg.com/media/GRow4mTaUAEbCZk.jpg,2024-07-04 18-35-img_144.png,https://t.co/HFmNHwVmx0,277,21,2
2024-07-02 15:22,🍁,@3166ye,https://twitter.com/yez3166/status/1808038621234319865/photo/1,Image,https://pbs.twimg.com/media/GRdxiTnb0AAE6zL.jpg,2024-07-02 15-22-img_147.png,https://t.co/kmtZDFl5Cq,375,34,1
2024-07-01 10:44,🍁,@3166ye,https://twitter.com/yez3166/status/1807606148629176522/photo/1,Image,https://pbs.twimg.com/media/GRXoNVBbEAE5Ua0.jpg,2024-07-01 10-44-img_148.png,From shilu https://t.co/YHHKO08yBQ,265,14,2
2024-06-30 13:28,🍁,@3166ye,https://twitter.com/yez3166/status/1807285171185668538/photo/1,Image,https://pbs.twimg.com/media/GRTERzBa0AAFDSl.jpg,2024-06-30 13-28-img_150.png,Thanks 2.2k follows https://t.co/oTcl92sEpb,340,32,5
2024-06-30 16:24,🍁,@3166ye,https://twitter.com/yez3166/status/1807329261042418158/photo/1,Image,https://pbs.twimg.com/media/GRTsYNPasAA-AEs.jpg,2024-06-30 16-24-img_149.png,Someday https://t.co/WiBI7JTcVo,129,7,6
2024-06-29 20:27,🍁,@3166ye,https://twitter.com/yez3166/status/1807028239266623903/photo/1,Image,https://pbs.twimg.com/media/GRPamhWacAAsTcX.jpg,2024-06-29 20-27-img_151.png,https://t.co/kjIGQt1KOa,189,15,1
2024-06-29 20:16,🍁,@3166ye,https://twitter.com/yez3166/status/1807025275286536630/photo/1,Image,https://pbs.twimg.com/media/GRPX54QbUAEC_tu.jpg,2024-06-29 20-16-img_157.png,https://t.co/fUiGrbxXPd,135,17,0
2024-06-29 20:18,🍁,@3166ye,https://twitter.com/yez3166/status/1807025911688286379/photo/1,Image,https://pbs.twimg.com/media/GRPYe6raQAAvnpR.jpg,2024-06-29 20-18-img_156.png,https://t.co/VFmxocXTnp,242,25,0
2024-06-29 20:25,🍁,@3166ye,https://twitter.com/yez3166/status/1807027646452433165/photo/1,Image,https://pbs.twimg.com/media/GRPaD_3bkAAdKLZ.jpg,2024-06-29 20-25-img_152.png,https://t.co/zeMkI2DeLN,192,25,0
2024-06-29 20:21,🍁,@3166ye,https://twitter.com/yez3166/status/1807026591492378792/photo/1,Image,https://pbs.twimg.com/media/GRPZGhza8AAK-7D.jpg,2024-06-29 20-21-img_154.png,https://t.co/GG0sEuWTu4,249,25,1
2024-06-29 20:25,🍁,@3166ye,https://twitter.com/yez3166/status/1807027609039241331/photo/1,Image,https://pbs.twimg.com/media/GRPaBwvawAA66of.jpg,2024-06-29 20-25-img_153.png,https://t.co/YvCUgqMEKf,189,21,0
2024-06-29 20:20,🍁,@3166ye,https://twitter.com/yez3166/status/1807026331370340516/photo/1,Image,https://pbs.twimg.com/media/GRPY3dNasAAMTEx.jpg,2024-06-29 20-20-img_155.png,https://t.co/luCoFJv1wK,219,27,0
2024-06-29 20:14,🍁,@3166ye,https://twitter.com/yez3166/status/1807024799585288598/photo/1,Image,https://pbs.twimg.com/media/GRPXeWyaYAAS3J1.jpg,2024-06-29 20-14-img_158.png,https://t.co/hzbmMfTgE0,189,17,1
2024-06-29 20:14,🍁,@3166ye,https://twitter.com/yez3166/status/1807024767251472845/photo/1,Image,https://pbs.twimg.com/media/GRPXcZFbIAE3s1G.jpg,2024-06-29 20-14-img_159.png,https://t.co/88cyd8ODnl,462,58,2
2024-06-29 20:02,🍁,@3166ye,https://twitter.com/yez3166/status/1807021733142278278/photo/1,Image,https://pbs.twimg.com/media/GRPUr4ubIAAnn1-.jpg,2024-06-29 20-02-img_161.png,https://t.co/dEXTwSa1WO,270,29,2
2024-06-29 20:01,🍁,@3166ye,https://twitter.com/yez3166/status/1807021669112058367/photo/1,Image,https://pbs.twimg.com/media/GRPUn1UaAAAqwPc.jpg,2024-06-29 20-01-img_162.png,Again https://t.co/NUXr6JV9Z5,294,34,2
2024-06-29 20:02,🍁,@3166ye,https://twitter.com/yez3166/status/1807021786959356266/photo/1,Image,https://pbs.twimg.com/media/GRPUu4wbIAAJ4nP.jpg,2024-06-29 20-02-img_160.png,https://t.co/wtpZJ3XwmL,259,26,1
2024-06-29 19:47,🍁,@3166ye,https://twitter.com/yez3166/status/1807018086652072052/photo/1,Image,https://pbs.twimg.com/media/GRPRXhaaUAAv4fK.jpg,2024-06-29 19-47-img_163.png,https://t.co/I9JyuQg2Nh,253,29,2
2024-06-29 19:44,🍁,@3166ye,https://twitter.com/yez3166/status/1807017245501014038/photo/1,Image,https://pbs.twimg.com/media/GRPQmWoacAAKtFa.jpg,2024-06-29 19-44-img_164.png,https://t.co/m5ebihkqZ5,487,46,2
2024-06-29 19:36,🍁,@3166ye,https://twitter.com/yez3166/status/1807015247720669287/photo/1,Image,https://pbs.twimg.com/media/GRPOyGKbsAEqqWB.jpg,2024-06-29 19-36-img_165.png,https://t.co/DKws1DtGEZ,1072,110,9
2024-06-29 18:59,🍁,@3166ye,https://twitter.com/yez3166/status/1807005990006517894/photo/1,Image,https://pbs.twimg.com/media/GRPGXVlb0AEBRjy.jpg,2024-06-29 18-59-img_166.png,https://t.co/BoU1MMa17B,1021,100,3
2024-06-29 10:42,🍁,@3166ye,https://twitter.com/yez3166/status/1806880884299366850/photo/1,Image,https://pbs.twimg.com/media/GRNUlV3acAAlXtW.jpg,2024-06-29 10-42-img_167.png,https://t.co/6mesr15N5j,234,25,1
2024-06-28 10:52,🍁,@3166ye,https://twitter.com/yez3166/status/1806521043772998057/photo/1,Image,https://pbs.twimg.com/media/GRINT0DbsAASoqL.jpg,2024-06-28 10-52-img_170.png,https://t.co/1TVTjtqqpV,159,16,3
2024-06-27 08:54,🍁,@3166ye,https://twitter.com/yez3166/status/1806128900218716615/photo/1,Image,https://pbs.twimg.com/media/GRCoqI6bQAAIsMu.jpg,2024-06-27 08-54-img_173.png,"Thank you for 2,000K follows https://t.co/7e05URVhj8",185,8,4
2024-06-28 16:20,🍁,@3166ye,https://twitter.com/yez3166/status/1806603566108598330/photo/1,Image,https://pbs.twimg.com/media/GRJYXUMbEAAtmnc.jpg,2024-06-28 16-20-img_168.png,https://t.co/drBOxFjK16,266,39,1
2024-06-27 19:45,🍁,@3166ye,https://twitter.com/yez3166/status/1806292785123000372/photo/1,Image,https://pbs.twimg.com/media/GRE9tfTbgAESy3M.jpg,2024-06-27 19-45-img_171.png,https://t.co/S5iAeeKM3s,528,65,3
2024-06-27 10:31,🍁,@3166ye,https://twitter.com/yez3166/status/1806153418026946802/photo/1,Image,https://pbs.twimg.com/media/GRC-9TSagAAvdfn.jpg,2024-06-27 10-31-img_172.png,Thank you for 2K follows https://t.co/jUsnMVErvr,133,7,5
2024-06-28 13:02,🍁,@3166ye,https://twitter.com/yez3166/status/1806553760568877386/photo/1,Image,https://pbs.twimg.com/media/GRIrEMnaMAAuNhG.jpg,2024-06-28 13-02-img_169.png,https://t.co/WoDPoptAcv,254,29,0
2024-06-27 07:45,🍁,@3166ye,https://twitter.com/yez3166/status/1806111507278897352/photo/1,Image,https://pbs.twimg.com/media/GRCY1vnaMAAKHIe.jpg,2024-06-27 07-45-img_174.png,https://t.co/qBIoRx0JmD,85,7,0
2024-06-26 14:14,🍁,@3166ye,https://twitter.com/yez3166/status/1805847115157094414/video/1,Video,https://video.twimg.com/amplify_video/1805847052884361218/vid/avc1/804x720/z9pgpBVbBBWHPJ-a.mp4?tag=16,2024-06-26 14-14-vid_180.mp4,First (failed) animation https://t.co/FZMbhWLTvk,252,33,8
2024-06-26 17:19,🍁,@3166ye,https://twitter.com/yez3166/status/1805893736930722089/photo/1,Image,https://pbs.twimg.com/media/GQ_SxtFacAAZVH0.jpg,2024-06-26 17-19-img_175.png,Yezi https://t.co/90ohHFmWM2,509,67,1
2024-06-26 13:11,🍁,@3166ye,https://twitter.com/yez3166/status/1805831288756273369/photo/1,Image,https://pbs.twimg.com/media/GQ-Z-xmaQAI4jSj.jpg,2024-06-26 13-11-img_181.png,https://t.co/tuKMyZpY1E,163,14,0
2024-06-26 16:23,🍁,@3166ye,https://twitter.com/yez3166/status/1805879535126430081/video/1,Video,https://video.twimg.com/amplify_video/1805879411444793348/vid/avc1/1546x1080/E5Ol20MnePd0sjDj.mp4?tag=16,2024-06-26 16-23-vid_179.mp4,First animation https://t.co/yeQdhBwydU,1345,146,18
2024-06-26 17:19,🍁,@3166ye,https://twitter.com/yez3166/status/1805893736930722089/photo/1,Image,https://pbs.twimg.com/media/GQ_SxtEbUAAGtMu.jpg,2024-06-26 17-19-img_178.png,Yezi https://t.co/90ohHFmWM2,509,67,1
2024-06-26 17:19,🍁,@3166ye,https://twitter.com/yez3166/status/1805893736930722089/photo/1,Image,https://pbs.twimg.com/media/GQ_SxtEa0AAso6H.jpg,2024-06-26 17-19-img_176.png,Yezi https://t.co/90ohHFmWM2,509,67,1
2024-06-26 12:47,🍁,@3166ye,https://twitter.com/yez3166/status/1805825172542464258/photo/1,Image,https://pbs.twimg.com/media/GQ-UaxSaQAEe2kC.jpg,2024-06-26 12-47-img_182.png,https://t.co/etfUMP0MIb,202,20,0
2024-06-26 17:19,🍁,@3166ye,https://twitter.com/yez3166/status/1805893736930722089/photo/1,Image,https://pbs.twimg.com/media/GQ_SxuGaMAA7_pX.jpg,2024-06-26 17-19-img_177.png,Yezi https://t.co/90ohHFmWM2,509,67,1
2024-06-26 07:59,🍁,@3166ye,https://twitter.com/yez3166/status/1805752793485263078/photo/1,Image,https://pbs.twimg.com/media/GQ9SlwkbwAM6kQY.jpg,2024-06-26 07-59-img_185.png,https://t.co/e10ADS4brn,197,17,2
2024-06-26 10:00,🍁,@3166ye,https://twitter.com/yez3166/status/1805783072014843974/photo/1,Image,https://pbs.twimg.com/media/GQ9uH9GbwAQk0Zv.jpg,2024-06-26 10-00-img_184.png,Without line https://t.co/EFATcAj3UL,128,11,2
2024-06-25 19:59,🍁,@3166ye,https://twitter.com/yez3166/status/1805571549501735210/photo/1,Image,https://pbs.twimg.com/media/GQ6twDabwAArRW6.jpg,2024-06-25 19-59-img_186.png,https://t.co/Dsn79erdWh,126,6,1
2024-06-26 10:06,🍁,@3166ye,https://twitter.com/yez3166/status/1805784679582416942/photo/1,Image,https://pbs.twimg.com/media/GQ9vllzbwAAWkSr.jpg,2024-06-26 10-06-img_183.png,Thanks 1.9K follows https://t.co/1NUWtPABPQ,307,40,7
2024-06-25 12:11,🍁,@3166ye,https://twitter.com/yez3166/status/1805453679857971350/photo/1,Image,https://pbs.twimg.com/media/GQ5CjGVbwAIpIhg.jpg,2024-06-25 12-11-img_188.png,https://t.co/3e4MLo09an,387,48,0
2024-06-25 16:46,🍁,@3166ye,https://twitter.com/yez3166/status/1805523013171036167/video/1,Video,https://video.twimg.com/amplify_video/1805522943944146944/vid/avc1/1080x1546/iiyB1ErPSkD08vQ_.mp4?tag=16,2024-06-25 16-46-vid_187.mp4,Process https://t.co/isw8SsqTwC,78,7,0
2024-06-25 10:48,🍁,@3166ye,https://twitter.com/yez3166/status/1805432775186825680/photo/1,Image,https://pbs.twimg.com/media/GQ4viTFbIAAvAez.jpg,2024-06-25 10-48-img_189.png,https://t.co/O7bM9DRr6v,255,29,2
2024-06-25 01:06,🍁,@3166ye,https://twitter.com/yez3166/status/1805286283826315451/photo/1,Image,https://pbs.twimg.com/media/GQ2qTeIaQAE2zAa.jpg,2024-06-25 01-06-img_190.png,https://t.co/mOX1tGovOG,274,39,1
2024-06-25 01:06,🍁,@3166ye,https://twitter.com/yez3166/status/1805286266659127775/photo/1,Image,https://pbs.twimg.com/media/GQ2qSXfboAAVsYj.jpg,2024-06-25 01-06-img_191.png,https://t.co/6tjjEpvpQy,592,78,2
2024-06-24 05:38,🍁,@3166ye,https://twitter.com/yez3166/status/1804992559082803241/photo/1,Image,https://pbs.twimg.com/media/GQyfKV0a4AAG77z.jpg,2024-06-24 05-38-img_196.png,https://t.co/Jlpaqff9CD,282,20,1
2024-06-24 05:38,🍁,@3166ye,https://twitter.com/yez3166/status/1804992355747201043/photo/1,Image,https://pbs.twimg.com/media/GQye-iqaIAAPH67.jpg,2024-06-24 05-38-img_197.png,https://t.co/QGBF11dA5G,134,7,1
2024-06-24 06:11,🍁,@3166ye,https://twitter.com/yez3166/status/1805000640114143407/photo/1,Image,https://pbs.twimg.com/media/GQymgkNb0AAAu1F.jpg,2024-06-24 06-11-img_192.png,https://t.co/JYqD19Yznj,75,3,1
2024-06-24 06:11,🍁,@3166ye,https://twitter.com/yez3166/status/1805000640114143407/photo/1,Image,https://pbs.twimg.com/media/GQymgkNbEAAEV8j.jpg,2024-06-24 06-11-img_193.png,https://t.co/JYqD19Yznj,75,3,1
2024-06-24 06:11,🍁,@3166ye,https://twitter.com/yez3166/status/1805000640114143407/photo/1,Image,https://pbs.twimg.com/media/GQymgkMbcAA9FpG.jpg,2024-06-24 06-11-img_194.png,https://t.co/JYqD19Yznj,75,3,1
2024-06-22 23:27,🍁,@3166ye,https://twitter.com/yez3166/status/1804536794119372829/photo/1,Image,https://pbs.twimg.com/media/GQsApVOaAAAkue8.jpg,2024-06-22 23-27-img_198.png,https://t.co/x815vff49c,122,9,0
2024-06-24 06:11,🍁,@3166ye,https://twitter.com/yez3166/status/1805000640114143407/photo/1,Image,https://pbs.twimg.com/media/GQymgkObcAAt_Ik.jpg,2024-06-24 06-11-img_195.png,https://t.co/JYqD19Yznj,75,3,1
2024-06-22 14:23,🍁,@3166ye,https://twitter.com/yez3166/status/1804399830690607181/photo/1,Image,https://pbs.twimg.com/media/GQqEE-XaUAAQFrS.jpg,2024-06-22 14-23-img_199.png,https://t.co/QJeuZmzUNa,725,81,2
2024-06-19 04:38,🍁,@3166ye,https://twitter.com/yez3166/status/1803165537293443414/photo/1,Image,https://pbs.twimg.com/media/GQYhfpaaMAAaJIT.jpg,2024-06-19 04-38-img_201.png,https://t.co/0YemsnGiYY,217,17,1
2024-06-20 15:50,🍁,@3166ye,https://twitter.com/yez3166/status/1803696813704372348/photo/1,Image,https://pbs.twimg.com/media/GQgEroOaIAM8Rzh.jpg,2024-06-20 15-50-img_200.png,https://t.co/kk69Q6w6Qc,114,7,1
2024-06-18 14:01,🍁,@3166ye,https://twitter.com/yezi3166/status/1802944628372762845/photo/1,Image,https://pbs.twimg.com/media/GQVYlGubgAAzBY0.jpg,2024-06-18 14-01-img_204.png,https://t.co/H6P91eDej1,91,2,0
2024-06-18 13:59,🍁,@3166ye,https://twitter.com/yezi3166/status/1802944234682458188/photo/1,Image,https://pbs.twimg.com/media/GQVYOCKbAAASarV.jpg,2024-06-18 13-59-img_205.png,https://t.co/lH89EnFrGY,57,2,1
2024-06-18 16:31,🍁,@3166ye,https://twitter.com/yez3166/status/1802982473506361381/photo/1,Image,https://pbs.twimg.com/media/GQV6_5lbIAADHZm.jpg,2024-06-18 16-31-img_202.png,https://t.co/P2pFyZhnpR,174,10,0
2024-06-18 16:10,🍁,@3166ye,https://twitter.com/yez3166/status/1802977223835877585/photo/1,Image,https://pbs.twimg.com/media/GQV2OR_bYAA12HP.jpg,2024-06-18 16-10-img_203.png,https://t.co/K1Nljz6BrD,130,10,0
2024-06-18 13:28,🍁,@3166ye,https://twitter.com/yezi3166/status/1802936337114579075/photo/1,Image,https://pbs.twimg.com/media/GQVRCMWbIAAaB_p.jpg,2024-06-18 13-28-img_206.png,https://t.co/tDHMKeun7J,62,5,0
2024-06-18 10:32,🍁,@3166ye,https://twitter.com/yezi3166/status/1802892153066254633/photo/1,Image,https://pbs.twimg.com/media/GQUo2eLawAEMG0C.jpg,2024-06-18 10-32-img_207.png,https://t.co/QRosE1l71y,78,9,1
2024-06-18 10:28,🍁,@3166ye,https://twitter.com/yezi3166/status/1802891199726133400/photo/1,Image,https://pbs.twimg.com/media/GQUn_CJaIAAj6Xo.jpg,2024-06-18 10-28-img_208.png,https://t.co/dHMKPqL2oL,100,3,0
2024-06-17 11:30,🍁,@3166ye,https://twitter.com/yezi3166/status/1802544402008867049/photo/1,Image,https://pbs.twimg.com/media/GQPsk0Ja4AAYwRv.jpg,2024-06-17 11-30-img_210.png,https://t.co/JSMpMJjjkx,244,16,3
2024-06-18 05:19,🍁,@3166ye,https://twitter.com/yezi3166/status/1802813245591589072/photo/1,Image,https://pbs.twimg.com/media/GQThFcma4AAt-w0.jpg,2024-06-18 05-19-img_209.png,https://t.co/lcZN2rjuii,237,18,0
2024-06-17 08:06,🍁,@3166ye,https://twitter.com/yezi3166/status/1802492870248763693/photo/1,Image,https://pbs.twimg.com/media/GQO9tJpbQAAipfQ.jpg,2024-06-17 08-06-img_211.png,https://t.co/j3EiVTPd4I,83,3,0
2024-06-17 08:06,🍁,@3166ye,https://twitter.com/yezi3166/status/1802492870248763693/photo/1,Image,https://pbs.twimg.com/media/GQO9tJraMAAVeQt.jpg,2024-06-17 08-06-img_213.png,https://t.co/j3EiVTPd4I,83,3,0
2024-06-17 08:06,🍁,@3166ye,https://twitter.com/yezi3166/status/1802492870248763693/photo/1,Image,https://pbs.twimg.com/media/GQO9tJta8AAaKje.jpg,2024-06-17 08-06-img_212.png,https://t.co/j3EiVTPd4I,83,3,0
2024-06-17 08:06,🍁,@3166ye,https://twitter.com/yezi3166/status/1802492870248763693/photo/1,Image,https://pbs.twimg.com/media/GQO9tJqaAAAb5S5.jpg,2024-06-17 08-06-img_214.png,https://t.co/j3EiVTPd4I,83,3,0
2024-06-17 00:42,🍁,@3166ye,https://twitter.com/yezi3166/status/1802381132698472542/photo/1,Image,https://pbs.twimg.com/media/GQNYFCua4AA-2y3.jpg,2024-06-17 00-42-img_218.png,https://t.co/kh4Ir8KHYY,117,11,0
2024-06-17 02:47,🍁,@3166ye,https://twitter.com/yezi3166/status/1802412748820947300/photo/1,Image,https://pbs.twimg.com/media/GQN01NobEAAv4YI.jpg,2024-06-17 02-47-img_215.png,https://t.co/7nJAEpf8eX,148,10,0
2024-06-17 02:10,🍁,@3166ye,https://twitter.com/yezi3166/status/1802403320327524715/photo/1,Image,https://pbs.twimg.com/media/GQNsQYWasAAlcmv.jpg,2024-06-17 02-10-img_217.png,https://t.co/vkHGbUNUq4,80,4,0
2024-06-16 12:46,🍁,@3166ye,https://twitter.com/yezi3166/status/1802201059135488311/photo/1,Image,https://pbs.twimg.com/media/GQK0Tkla8AA5VaU.jpg,2024-06-16 12-46-img_221.png,https://t.co/OXNBqDNAZw,107,9,0
2024-06-17 02:38,🍁,@3166ye,https://twitter.com/yezi3166/status/1802410398140031153/photo/1,Image,https://pbs.twimg.com/media/GQNysJia0AAEMdM.jpg,2024-06-17 02-38-img_216.png,A free commission for my friend in 2022. https://t.co/6O0HchYtTE,64,5,0
2024-06-16 12:46,🍁,@3166ye,https://twitter.com/yezi3166/status/1802201084481634455/photo/1,Image,https://pbs.twimg.com/media/GQK0VJfb0AADd-T.jpg,2024-06-16 12-46-img_220.png,https://t.co/0wUEtqVPM5,264,37,1
2024-06-16 12:46,🍁,@3166ye,https://twitter.com/yezi3166/status/1802201033558401278/photo/1,Image,https://pbs.twimg.com/media/GQK0SJ0bcAAQWr4.jpg,2024-06-16 12-46-img_222.png,https://t.co/xCHAJumVMT,246,26,3
2024-06-16 16:13,🍁,@3166ye,https://twitter.com/yezi3166/status/1802253204828352690/photo/1,Image,https://pbs.twimg.com/media/GQLjunsagAACTVN.jpg,2024-06-16 16-13-img_219.png,6 Yezi https://t.co/oS3oOTDXwx,127,15,3
2024-06-16 12:37,🍁,@3166ye,https://twitter.com/yezi3166/status/1802198736715776355/photo/1,Image,https://pbs.twimg.com/media/GQKyMTtbwAArrdk.jpg,2024-06-16 12-37-img_224.png,Speedpaint - Day 3 Traffic lights https://t.co/DYNLDjtp7x via @YouTube https://t.co/HxX3SBhdAu,68,7,0
2024-06-16 03:41,🍁,@3166ye,https://twitter.com/yezi3166/status/1802064010306801731/photo/1,Image,https://pbs.twimg.com/media/GQI3qPwasAAIqTO.jpg,2024-06-16 03-41-img_225.png,without block https://t.co/9At40U8erb,167,14,2
2024-06-16 12:46,🍁,@3166ye,https://twitter.com/yezi3166/status/1802201017192415300/photo/1,Image,https://pbs.twimg.com/media/GQK0RESaYAAjkId.jpg,2024-06-16 12-46-img_223.png,https://t.co/lUACNRSSwC,149,23,1
2024-06-16 03:31,🍁,@3166ye,https://twitter.com/yezi3166/status/1802061276358881359/photo/1,Image,https://pbs.twimg.com/media/GQI1LHrbsAAJFaK.jpg,2024-06-16 03-31-img_226.png,https://t.co/n7vnKz3zvU,178,24,1
2024-06-15 10:26,🍁,@3166ye,https://twitter.com/yezi3166/status/1801803352155767293/photo/1,Image,https://pbs.twimg.com/media/GQFKl5vbEAQTGTU.jpg,2024-06-15 10-26-img_229.png,https://t.co/wHQI8BMuSd,169,19,0
2024-06-15 03:12,🍁,@3166ye,https://twitter.com/yezi3166/status/1801694133184303358/photo/1,Image,https://pbs.twimg.com/media/GQDnQmhaQAMxUAJ.jpg,2024-06-15 03-12-img_230.png,Without line https://t.co/LctwQrgICF,177,17,1
2024-06-15 10:26,🍁,@3166ye,https://twitter.com/yezi3166/status/1801803455805407336/photo/1,Image,https://pbs.twimg.com/media/GQFKqIXaQAISwRX.jpg,2024-06-15 10-26-img_228.png,https://t.co/RrL6PjcQs2,280,36,0
2024-06-15 10:27,🍁,@3166ye,https://twitter.com/yezi3166/status/1801803707056853145/photo/1,Image,https://pbs.twimg.com/media/GQFK57KaQAEKMTl.jpg,2024-06-15 10-27-img_227.png,https://t.co/i3vmHLZgps,215,32,1
2024-06-15 03:11,🍁,@3166ye,https://twitter.com/yezi3166/status/1801694002602983570/photo/1,Image,https://pbs.twimg.com/media/GQDnI9ZbEAY8Ehd.jpg,2024-06-15 03-11-img_231.png,https://t.co/j2IJNuQ8ox,150,13,0
2024-06-14 07:59,🍁,@3166ye,https://twitter.com/yezi3166/status/1801404129396592964/photo/1,Image,https://pbs.twimg.com/media/GP_fgFwbEAE-Mc0.jpg,2024-06-14 07-59-img_234.png,https://t.co/v6qWcHH5SL,163,16,0
2024-06-14 12:40,🍁,@3166ye,https://twitter.com/yezi3166/status/1801474846284718300/photo/1,Image,https://pbs.twimg.com/media/GQAf0U0aQAAHmd7.jpg,2024-06-14 12-40-img_232.png,https://t.co/Yltaa4VIGC,160,22,5
2024-06-13 22:31,🍁,@3166ye,https://twitter.com/yezi3166/status/1801261149352333753/photo/1,Image,https://pbs.twimg.com/media/GP9dcp2a4AAlCfj.jpg,2024-06-13 22-31-img_236.png,oc sketch https://t.co/TXelzEJG2f,99,5,0
2024-06-14 12:31,🍁,@3166ye,https://twitter.com/yezi3166/status/1801472575668687131/photo/1,Image,https://pbs.twimg.com/media/GQAdwOSaQAAsYZe.jpg,2024-06-14 12-31-img_233.png,oc https://t.co/fbt0dswkwP,228,26,2
2024-06-14 02:54,🍁,@3166ye,https://twitter.com/yezi3166/status/1801327228263010343/photo/1,Image,https://pbs.twimg.com/media/GP-Zj5qbEAATbSV.jpg,2024-06-14 02-54-img_235.png,https://t.co/KfW2cfkV1b,251,28,1
2024-06-13 09:00,🍁,@3166ye,https://twitter.com/yezi3166/status/1801057075113709884/photo/1,Image,https://pbs.twimg.com/media/GP6j25QaYAAmHj0.jpg,2024-06-13 09-00-img_238.png,Speedpaint day-2 https://t.co/xBBtl7lCrj via @YouTube https://t.co/4jp5TK7Oqv,68,10,0
2024-06-13 12:30,🍁,@3166ye,https://twitter.com/yezi3166/status/1801109835704086577/photo/1,Image,https://pbs.twimg.com/media/GP7T042aoAAFNhO.jpg,2024-06-13 12-30-img_237.png,Another edition https://t.co/x7OicBTZJQ,135,12,0
2024-06-13 06:35,🍁,@3166ye,https://twitter.com/yezi3166/status/1801020581762261366/photo/1,Image,https://pbs.twimg.com/media/GP6CqzIaIAAQBfS.jpg,2024-06-13 06-35-img_239.png,https://t.co/yRbhhRcHhO,205,29,1
2024-06-13 00:32,🍁,@3166ye,https://twitter.com/yezi3166/status/1800929133058576718/photo/1,Image,https://pbs.twimg.com/media/GP4vftKbYAAVSiO.jpg,2024-06-13 00-32-img_241.png,https://t.co/StWDv2NGFg,128,8,0
2024-06-11 15:16,🍁,@3166ye,https://twitter.com/yezi3166/status/1800426897127748034/photo/1,Image,https://pbs.twimg.com/media/GPxmtvIb0AAjTtf.jpg,2024-06-11 15-16-img_243.png,https://t.co/O67nzPplhn,57,3,0
2024-06-11 13:12,🍁,@3166ye,https://twitter.com/yezi3166/status/1800395547628777633/photo/1,Image,https://pbs.twimg.com/media/GPxKM-gbcAIlmeB.jpg,2024-06-11 13-12-img_245.png,https://t.co/q9xmcpCMwW,102,5,0
2024-06-12 20:11,🍁,@3166ye,https://twitter.com/yezi3166/status/1800863617006629039/photo/1,Image,https://pbs.twimg.com/media/GP3z6L8bIAAo43y.jpg,2024-06-12 20-11-img_242.png,https://t.co/AVBfrw1bo4,141,11,1
2024-06-11 11:36,🍁,@3166ye,https://twitter.com/yezi3166/status/1800371406611661223/photo/1,Image,https://pbs.twimg.com/media/GPw0PjSaAAAzvyQ.jpg,2024-06-11 11-36-img_246.png,Thanks 1.7K follows https://t.co/ndWjrPjyGM,220,17,4
2024-06-11 15:12,🍁,@3166ye,https://twitter.com/yezi3166/status/1800425907435499522/photo/1,Image,https://pbs.twimg.com/media/GPxl0GZbwAEFb4A.jpg,2024-06-11 15-12-img_244.png,Practice https://t.co/GCQzzREAIV,91,6,0
2024-06-11 10:31,🍁,@3166ye,https://twitter.com/yezi3166/status/1800355144326160535/photo/1,Image,https://pbs.twimg.com/media/GPwldKnbEAA_jlW.jpg,2024-06-11 10-31-img_247.png,Columbus https://t.co/iOHte0UEVp,227,25,0
2024-06-13 04:39,🍁,@3166ye,https://twitter.com/yezi3166/status/1800991226147086661/photo/1,Image,https://pbs.twimg.com/media/GP5n99ea4AAef-a.jpg,2024-06-13 04-39-img_240.png,https://t.co/UHNbjqXa0S,737,82,1
2024-06-11 10:04,🍁,@3166ye,https://twitter.com/yezi3166/status/1800348305635119156/photo/1,Image,https://pbs.twimg.com/media/GPwfO6CbgAA7jdl.jpg,2024-06-11 10-04-img_248.png,https://t.co/fITftaMzmn,131,8,0
2024-06-11 07:38,🍁,@3166ye,https://twitter.com/yezi3166/status/1800311614497006078/photo/1,Image,https://pbs.twimg.com/media/GPv93cybAAAncv1.jpg,2024-06-11 07-38-img_249.png,https://t.co/vy8hQaMwKC,181,23,1
2024-06-10 09:04,🍁,@3166ye,https://twitter.com/yezi3166/status/1799970924021813264/photo/1,Image,https://pbs.twimg.com/media/GPrIAkYbYAACyLl.jpg,2024-06-10 09-04-img_253.png,https://t.co/CJZ2NhGYXH,126,8,1
2024-06-10 12:28,🍁,@3166ye,https://twitter.com/yezi3166/status/1800022313083248946/photo/1,Image,https://pbs.twimg.com/media/GPr2vzsaYAA6OLm.jpg,2024-06-10 12-28-img_251.png,https://t.co/1B0zXfHCtD,1202,129,9
2024-06-10 09:21,🍁,@3166ye,https://twitter.com/yezi3166/status/1799975224219406783/photo/1,Image,https://pbs.twimg.com/media/GPrL65qbkAAXwGe.jpg,2024-06-10 09-21-img_252.png,Wip https://t.co/nnTnJV7UvG,108,5,0
2024-06-10 01:05,🍁,@3166ye,https://twitter.com/yezi3166/status/1799850404911661226/photo/1,Image,https://pbs.twimg.com/media/GPpaZPDbQAAviK1.jpg,2024-06-10 01-05-img_255.png,https://t.co/scSRxpZScp,244,24,2
2024-06-10 15:56,🍁,@3166ye,https://twitter.com/yezi3166/status/1800074583988748779/photo/1,Image,https://pbs.twimg.com/media/GPsmR0MagAAU2uv.jpg,2024-06-10 15-56-img_250.png,https://t.co/nGH1te8LDz,57,0,1
2024-06-10 02:06,🍁,@3166ye,https://twitter.com/yezi3166/status/1799865578414559559/photo/1,Image,https://pbs.twimg.com/media/GPpoMnHa4AAnD63.jpg,2024-06-10 02-06-img_254.png,Fanart from friend3 https://t.co/p0wEybAblP,95,6,1
2024-06-10 00:37,🍁,@3166ye,https://twitter.com/yezi3166/status/1799843296334029257/photo/1,Image,https://pbs.twimg.com/media/GPpT71PbMAAmN66.jpg,2024-06-10 00-37-img_256.png,https://t.co/wprFbhJZrA,186,19,0
2024-06-09 10:19,🍁,@3166ye,https://twitter.com/yezi3166/status/1799627389661815011/photo/1,Image,https://pbs.twimg.com/media/GPmPkY5aMAAJvdH.jpg,2024-06-09 10-19-img_257.png,@CJNinAgony https://t.co/NBUmFbjVWU,3,0,1
2024-06-09 05:36,🍁,@3166ye,https://twitter.com/yezi3166/status/1799556199073169701/photo/1,Image,https://pbs.twimg.com/media/GPlOz9wbUAAKcge.jpg,2024-06-09 05-36-img_258.png,https://t.co/bhnMjDfnb9,76,3,3
2024-06-09 04:55,🍁,@3166ye,https://twitter.com/yezi3166/status/1799545736943853912/photo/1,Image,https://pbs.twimg.com/media/GPlFTj8bkAAPt91.jpg,2024-06-09 04-55-img_259.png,https://t.co/Hu2ocpGqFe,56,2,0
2024-06-09 04:22,🍁,@3166ye,https://twitter.com/yezi3166/status/1799537455496143143/photo/1,Image,https://pbs.twimg.com/media/GPk9xfxagAAkDcy.jpg,2024-06-09 04-22-img_260.png,https://t.co/LMsuHqSt6Y,125,13,2
2024-06-08 21:10,🍁,@3166ye,https://twitter.com/yezi3166/status/1799428910565978301/photo/1,Image,https://pbs.twimg.com/media/GPjbDHZbAAAgko6.jpg,2024-06-08 21-10-img_263.png,拝啓 https://t.co/RYrzRb28Bh,59,7,0
2024-06-09 03:55,🍁,@3166ye,https://twitter.com/yezi3166/status/1799530820656656768/photo/1,Image,https://pbs.twimg.com/media/GPk3vPsbMAAi4Gg.jpg,2024-06-09 03-55-img_261.png,https://t.co/QeuHYQgKbj,73,5,0
2024-06-08 21:11,🍁,@3166ye,https://twitter.com/yezi3166/status/1799428992417910872/photo/1,Image,https://pbs.twimg.com/media/GPjbICEaIAAJO16.jpg,2024-06-08 21-11-img_262.png,https://t.co/TvEY9Nqyhz,438,41,2
2024-06-08 19:32,🍁,@3166ye,https://twitter.com/yezi3166/status/1799404032378970483/photo/1,Image,https://pbs.twimg.com/media/GPjEbG-aEAAOW4-.jpg,2024-06-08 19-32-img_264.png,https://t.co/IEMcIcPMIL,158,15,2
2024-06-08 06:37,🍁,@3166ye,https://twitter.com/yezi3166/status/1799209186573881383/photo/1,Image,https://pbs.twimg.com/media/GPgTNlCbEAQ1B23.jpg,2024-06-08 06-37-img_265.png,https://t.co/McH0mCzZYY,157,18,2
2024-06-07 17:53,🍁,@3166ye,https://twitter.com/yezi3166/status/1799016943367963097/photo/1,Image,https://pbs.twimg.com/media/GPdkXpIboAAa8Yy.jpg,2024-06-07 17-53-img_268.png,Fanart from my friend https://t.co/YFhQd1ITrY,134,13,0
2024-06-07 20:04,🍁,@3166ye,https://twitter.com/yezi3166/status/1799049711137304871/photo/1,Image,https://pbs.twimg.com/media/GPeCK__aoAAqIUh.jpg,2024-06-07 20-04-img_267.png,https://t.co/3pWuWDtwEe,140,13,3
2024-06-07 08:08,🍁,@3166ye,https://twitter.com/yezi3166/status/1798869636240609781/photo/1,Image,https://pbs.twimg.com/media/GPbeZSzacAAP9Ae.jpg,2024-06-07 08-08-img_269.png,https://t.co/Ijdxtf569g,88,5,1
2024-06-07 04:50,🍁,@3166ye,https://twitter.com/yezi3166/status/1798819686676856898/photo/1,Image,https://pbs.twimg.com/media/GPaw9snboAAKo-H.jpg,2024-06-07 04-50-img_270.png,https://t.co/EpO2BAEBMO,125,8,2
2024-06-07 03:15,🍁,@3166ye,https://twitter.com/yezi3166/status/1798795977949892739/photo/1,Image,https://pbs.twimg.com/media/GPabZtfa0AAH4LA.jpg,2024-06-07 03-15-img_271.png,https://t.co/RwMmSABScy,142,13,0
2024-06-08 02:47,🍁,@3166ye,https://twitter.com/yezi3166/status/1799151154653167693/photo/1,Image,https://pbs.twimg.com/media/GPfea-rbkAAPzxV.jpg,2024-06-08 02-47-img_266.png,Fanart from my friend 2 https://t.co/vNwyX02sgV,84,10,1
2024-06-06 08:02,🍁,@3166ye,https://twitter.com/yezi3166/status/1798505584238694747/photo/1,Image,https://pbs.twimg.com/media/GPWTSkibIAAs87C.jpg,2024-06-06 08-02-img_273.png,fix https://t.co/V8y0rQfpqi,129,13,1
2024-06-06 03:26,🍁,@3166ye,https://twitter.com/yezi3166/status/1798436186165514403/photo/1,Image,https://pbs.twimg.com/media/GPVUKz5bAAEcGhM.jpg,2024-06-06 03-26-img_275.png,https://t.co/s2E6hNxXrQ,114,4,0
2024-06-06 11:07,🍁,@3166ye,https://twitter.com/yezi3166/status/1798552335318442163/photo/1,Image,https://pbs.twimg.com/media/GPW9z1ibUAAbor4.jpg,2024-06-06 11-07-img_272.png,https://t.co/NW4x0mMe6A,406,42,1
2024-06-06 04:56,🍁,@3166ye,https://twitter.com/yezi3166/status/1798458975857553686/photo/1,Image,https://pbs.twimg.com/media/GPVo5pRagAA5rzb.jpg,2024-06-06 04-56-img_274.png,https://t.co/A3cS4M5BPA,241,19,1
2024-06-04 13:46,🍁,@3166ye,https://twitter.com/yezi3166/status/1797867561545277476/photo/1,Image,https://pbs.twimg.com/media/GPNPAxLaAAAage0.jpg,2024-06-04 13-46-img_276.png,https://t.co/kDd3RDPE2b,140,15,0
2024-06-04 13:04,🍁,@3166ye,https://twitter.com/yezi3166/status/1797856841441198098/photo/1,Image,https://pbs.twimg.com/media/GPNFQxBaIAAgZxs.jpg,2024-06-04 13-04-img_277.png,https://t.co/9kylTUtXZQ,60,2,0
2024-06-04 10:38,🍁,@3166ye,https://twitter.com/yezi3166/status/1797820209367310805/photo/1,Image,https://pbs.twimg.com/media/GPMj8iRaAAAIqhz.jpg,2024-06-04 10-38-img_279.png,https://t.co/d2AUB84BUb,133,11,1
2024-06-04 10:50,🍁,@3166ye,https://twitter.com/yezi3166/status/1797823118742020537/photo/1,Image,https://pbs.twimg.com/media/GPMmljebQAAIM45.jpg,2024-06-04 10-50-img_278.png,lined https://t.co/akdKKoi2h8,171,14,1
2024-06-04 06:44,🍁,@3166ye,https://twitter.com/yezi3166/status/1797761355178815972/photo/1,Image,https://pbs.twimg.com/media/GPLua1Ja4AE5z6l.jpg,2024-06-04 06-44-img_281.png,https://t.co/7VQ48Rgd5I,171,14,0
2024-06-04 08:47,🍁,@3166ye,https://twitter.com/yezi3166/status/1797792359562010755/photo/1,Image,https://pbs.twimg.com/media/GPMKnfWbwAA7mr-.jpg,2024-06-04 08-47-img_280.png,https://t.co/zFIbUJVm5E,105,6,1
2024-06-03 12:08,🍁,@3166ye,https://twitter.com/yezi3166/status/1797480411838464167/photo/1,Image,https://pbs.twimg.com/media/GPHu5uxbYAA5-5i.jpg,2024-06-03 12-08-img_283.png,https://t.co/NPZ1LXdscv,100,3,0
2024-06-03 19:17,🍁,@3166ye,https://twitter.com/yezi3166/status/1797588484850590023/photo/1,Image,https://pbs.twimg.com/media/GPJRMK9awAAw5vH.jpg,2024-06-03 19-17-img_282.png,Thank you for 1.5K followers https://t.co/IsL2oxJq2Y,184,17,1
2024-06-03 04:58,🍁,@3166ye,https://twitter.com/yezi3166/status/1797372209427820767/photo/1,Image,https://pbs.twimg.com/media/GPGMfigakAEip5-.jpg,2024-06-03 04-58-img_285.png,https://t.co/vBMj34I8CS,62,3,0
2024-06-03 05:58,🍁,@3166ye,https://twitter.com/yezi3166/status/1797387337837711828/photo/1,Image,https://pbs.twimg.com/media/GPGaQFYbAAAsTUj.jpg,2024-06-03 05-58-img_284.png,https://t.co/oFvuN9GipT,133,11,1
2024-06-01 23:55,🍁,@3166ye,https://twitter.com/yezi3166/status/1796933479609090444/photo/1,Image,https://pbs.twimg.com/media/GO_9eHHa8AA91tm.jpg,2024-06-01 23-55-img_290.png,https://t.co/YPMxdk5n7D,80,2,0
2024-06-03 02:36,🍁,@3166ye,https://twitter.com/yezi3166/status/1797336478093312223/photo/1,Image,https://pbs.twimg.com/media/GPFr_vNaIAAwv-o.jpg,2024-06-03 02-36-img_286.png,https://t.co/EKs9MAWkie,3721,491,7
2024-06-02 05:03,🍁,@3166ye,https://twitter.com/yezi3166/status/1797011201316262365/photo/1,Image,https://pbs.twimg.com/media/GPBEKLMaIAAbU5r.jpg,2024-06-02 05-03-img_288.png,https://t.co/EawI0O9KNg,93,4,0
2024-06-02 19:44,🍁,@3166ye,https://twitter.com/yezi3166/status/1797232740464820539/photo/1,Image,https://pbs.twimg.com/media/GPENpOnasAAWtTf.jpg,2024-06-02 19-44-img_287.png,https://t.co/uvyh6bKinI,410,44,2
2024-06-01 20:45,🍁,@3166ye,https://twitter.com/yezi3166/status/1796885777647055031/photo/1,Image,https://pbs.twimg.com/media/GO_SFZxb0AEjVci.jpg,2024-06-01 20-45-img_291.png,https://t.co/byTPsoLtCP,197,19,1
2024-06-02 00:24,🍁,@3166ye,https://twitter.com/yezi3166/status/1796940886326333816/photo/1,Image,https://pbs.twimg.com/media/GPAEMj2aYAA_s1i.jpg,2024-06-02 00-24-img_289.png,https://t.co/sjC0mBXvAw,172,15,0
2024-06-01 05:17,🍁,@3166ye,https://twitter.com/yezi3166/status/1796652141106630947/photo/1,Image,https://pbs.twimg.com/media/GO79mBmbEAEzVam.jpg,2024-06-01 05-17-img_292.png,https://t.co/x9L4T4DKSP,146,21,2
2024-06-01 02:51,🍁,@3166ye,https://twitter.com/yezi3166/status/1796615461041471831/photo/1,Image,https://pbs.twimg.com/media/GO7cPANbcAAO3IX.jpg,2024-06-01 02-51-img_293.png,https://t.co/vtAsaoqRrz,156,15,1
2024-05-31 17:01,🍁,@3166ye,https://twitter.com/yezi3166/status/1796467107938668819/photo/1,Image,https://pbs.twimg.com/media/GO5VTbwaAAAzfX5.jpg,2024-05-31 17-01-img_295.png,https://t.co/4MU6zzzkjM,89,7,0
2024-05-30 23:54,🍁,@3166ye,https://twitter.com/yezi3166/status/1796208586072408463/photo/1,Image,https://pbs.twimg.com/media/GO1qLeFbkAERZBh.jpg,2024-05-30 23-54-img_296.png,https://t.co/ooGC7QTwh0,73,2,0
2024-05-30 23:13,🍁,@3166ye,https://twitter.com/yezi3166/status/1796198358375383257/photo/1,Image,https://pbs.twimg.com/media/GO1g4TgaQAAFLeX.jpg,2024-05-30 23-13-img_297.png,https://t.co/6QZZVQeq5Q,272,27,0
2024-05-30 21:45,🍁,@3166ye,https://twitter.com/yezi3166/status/1796176091079491962/photo/1,Image,https://pbs.twimg.com/media/GO1MoClWcAAN1_x.jpg,2024-05-30 21-45-img_299.png,https://t.co/sxNhtEioYE,179,19,3
2024-05-30 22:42,🍁,@3166ye,https://twitter.com/yezi3166/status/1796190573402964350/photo/1,Image,https://pbs.twimg.com/media/GO1ZylXXUAAhk5O.jpg,2024-05-30 22-42-img_298.png,https://t.co/2qInenOYqJ,49,2,1
2024-05-31 20:41,🍁,@3166ye,https://twitter.com/yezi3166/status/1796522514434379861/photo/1,Image,https://pbs.twimg.com/media/GO6HssHa8AA7j65.jpg,2024-05-31 20-41-img_294.png,Again https://t.co/n25QO3qsWg,158,17,0
2024-05-29 00:11,🍁,@3166ye,https://twitter.com/yezi3166/status/1795488063516455105/photo/1,Image,https://pbs.twimg.com/media/GOra3shaYAAjl9e.jpg,2024-05-29 00-11-img_300.png,Thank you for 1.4K followers https://t.co/DUDPmcmTfN,141,9,2
2024-05-28 23:53,🍁,@3166ye,https://twitter.com/yezi3166/status/1795483627658391904/photo/1,Image,https://pbs.twimg.com/media/GOrW1IzaEAAQFxx.jpg,2024-05-28 23-53-img_301.png,https://t.co/abtryfZ1Ad,265,29,2
2024-05-28 00:17,🍁,@3166ye,https://twitter.com/yezi3166/status/1795127259356873074/photo/1,Image,https://pbs.twimg.com/media/GOmSuAma4AAol-f.jpg,2024-05-28 00-17-img_303.png,https://t.co/ONOv8YiFFz,217,19,1
2024-05-28 11:48,🍁,@3166ye,https://twitter.com/yezi3166/status/1795301080232054933/photo/1,Image,https://pbs.twimg.com/media/GOowz8CaAAAdNSN.jpg,2024-05-28 11-48-img_302.png,Old artwork （2023 HK） https://t.co/XRY1rxTHZA,218,15,4
2024-05-25 18:01,🍁,@3166ye,https://twitter.com/yezi3166/status/1794307751503618265/photo/1,Image,https://pbs.twimg.com/media/GOapYeQaEAAcIAY.jpg,2024-05-25 18-01-img_306.png,https://t.co/Ze8zcyTMXl,177,9,1
2024-05-27 13:35,🍁,@3166ye,https://twitter.com/yezi3166/status/1794965706095616233/photo/1,Image,https://pbs.twimg.com/media/GOj_ygvakAEmMvi.jpg,2024-05-27 13-35-img_304.png,https://t.co/Aio2qaL1VS,408,52,6
2024-05-27 13:20,🍁,@3166ye,https://twitter.com/yezi3166/status/1794961875240952190/photo/1,Image,https://pbs.twimg.com/media/GOj8ToNagAAM3BT.jpg,2024-05-27 13-20-img_305.png,landscape https://t.co/arjXbBvvEK,107,11,0
2024-05-21 11:05,🍁,@3166ye,https://twitter.com/yezi3166/status/1792753581931802641/photo/1,Image,https://pbs.twimg.com/media/GOEj4HKbEAAuCzX.jpg,2024-05-21 11-05-img_309.png,https://t.co/AItpENYOvo,130,7,0
2024-05-23 02:46,🍁,@3166ye,https://twitter.com/yezi3166/status/1793352874791190996/photo/1,Image,https://pbs.twimg.com/media/GONE7K6bwAARFKd.jpg,2024-05-23 02-46-img_308.png,https://t.co/oCPsj4RFpP,144,5,0
2024-05-24 21:12,🍁,@3166ye,https://twitter.com/yezi3166/status/1793993424909316589/photo/1,Image,https://pbs.twimg.com/media/GOWLgCnaQAAZJXN.jpg,2024-05-24 21-12-img_307.png,https://t.co/snNJkv8be7,394,45,3
2024-05-21 01:14,🍁,@3166ye,https://twitter.com/yezi3166/status/1792604816394563852/photo/1,Image,https://pbs.twimg.com/media/GOCckc7asAAmAFp.jpg,2024-05-21 01-14-img_310.png,https://t.co/e9V5Ap4eRy,653,67,1
2024-05-18 18:32,🍁,@3166ye,https://twitter.com/yezi3166/status/1791778848696311897/photo/1,Image,https://pbs.twimg.com/media/GN2tW80bEAA3Sel.jpg,2024-05-18 18-32-img_314.png,https://t.co/oxFGPm1KQ6,322,22,2
2024-05-19 18:07,🍁,@3166ye,https://twitter.com/yezi3166/status/1792134998411317363/photo/1,Image,https://pbs.twimg.com/media/GN7xRtkbYAA4UEE.jpg,2024-05-19 18-07-img_311.png,Thank you for 1.3K followers https://t.co/mefy19HHjw,252,22,6
2024-05-19 17:31,🍁,@3166ye,https://twitter.com/yezi3166/status/1792125993584660596/photo/1,Image,https://pbs.twimg.com/media/GN7pFjwa8AEN-QB.jpg,2024-05-19 17-31-img_312.png,Yezi café https://t.co/dcDj2q0eQ6,203,13,1
2024-05-19 16:15,🍁,@3166ye,https://twitter.com/yezi3166/status/1792106820431122863/photo/1,Image,https://pbs.twimg.com/media/GN7XpeDaQAA6d3o.jpg,2024-05-19 16-15-img_313.png,https://t.co/sDGFAbD1A4,83,7,1
2024-05-17 19:57,🍁,@3166ye,https://twitter.com/yezi3166/status/1791437886774223230/photo/1,Image,https://pbs.twimg.com/media/GNx3QeNbUAA3AEQ.jpg,2024-05-17 19-57-img_316.png,https://t.co/VFMq1LnArO,132,7,0
2024-05-17 20:02,🍁,@3166ye,https://twitter.com/yezi3166/status/1791439262707302725/photo/1,Image,https://pbs.twimg.com/media/GNx4ghFbEAAEqM2.jpg,2024-05-17 20-02-img_315.png,https://t.co/1XSRVhdE3t,379,37,2
2024-05-15 07:33,🍁,@3166ye,https://twitter.com/yezi3166/status/1790525911248580761/photo/1,Image,https://pbs.twimg.com/media/GNk50h4asAAUCtX.jpg,2024-05-15 07-33-img_318.png,wip https://t.co/kJMKLT4096,130,11,1
2024-05-16 20:31,🍁,@3166ye,https://twitter.com/yezi3166/status/1791084136410857489/photo/1,Image,https://pbs.twimg.com/media/GNs1hebbkAAdVa_.jpg,2024-05-16 20-31-img_317.png,https://t.co/JQfchfZOlV,636,67,2
2024-05-15 05:43,🍁,@3166ye,https://twitter.com/yezi3166/status/1790498293463843034/photo/1,Image,https://pbs.twimg.com/media/GNkgs8EacAAF8zn.jpg,2024-05-15 05-43-img_319.png,https://t.co/6rHq2wfEGp,210,26,1
2024-05-14 15:25,🍁,@3166ye,https://twitter.com/yezi3166/status/1790282279258058976/photo/1,Image,https://pbs.twimg.com/media/GNhcPI2bsAAo_7g.jpg,2024-05-14 15-25-img_321.png,Thank you for 1.2K followers https://t.co/qyumUNDngf,205,14,4
2024-05-14 12:55,🍁,@3166ye,https://twitter.com/yezi3166/status/1790244501434585273/photo/1,Image,https://pbs.twimg.com/media/GNg54TFbAAAasv1.jpg,2024-05-14 12-55-img_322.png,https://t.co/AgcI7udWfa,226,30,2
2024-05-14 16:34,🍁,@3166ye,https://twitter.com/yezi3166/status/1790299526408073685/photo/1,Image,https://pbs.twimg.com/media/GNhr7CTaIAAIJCE.jpg,2024-05-14 16-34-img_320.png,A tombstone https://t.co/OMeRPdhh15,282,38,0
2024-05-13 12:31,🍁,@3166ye,https://twitter.com/yezi3166/status/1789876077977915400/photo/1,Image,https://pbs.twimg.com/media/GNbqzLGbAAAxVAy.jpg,2024-05-13 12-31-img_323.png,https://t.co/vBLiSGdX7W,488,53,4
2024-05-12 09:59,🍁,@3166ye,https://twitter.com/yezi3166/status/1789475551264338330/photo/1,Image,https://pbs.twimg.com/media/GNV-hGRbIAA0887.jpg,2024-05-12 09-59-img_325.png,https://t.co/pVgGavjjEt,311,31,0
2024-05-13 01:05,🍁,@3166ye,https://twitter.com/yezi3166/status/1789703341364355122/photo/1,Image,https://pbs.twimg.com/media/GNZNsjfb0AA294C.jpg,2024-05-13 01-05-img_324.png,old artwork https://t.co/fKyQLHKJx1,432,36,2
2024-05-12 03:10,🍁,@3166ye,https://twitter.com/yezi3166/status/1789372467015823696/photo/1,Image,https://pbs.twimg.com/media/GNUgxKBa0AAP7HE.jpg,2024-05-12 03-10-img_326.png,my home https://t.co/iZmN3C6IBX,317,26,0
2024-05-11 10:34,🍁,@3166ye,https://twitter.com/yezi3166/status/1789121785251967082/photo/1,Image,https://pbs.twimg.com/media/GNQ8xjuaQAAhGxc.jpg,2024-05-11 10-34-img_327.png,wip https://t.co/JtAdLMFEEn,111,6,0
2024-05-11 06:34,🍁,@3166ye,https://twitter.com/yezi3166/status/1789061580656964034/photo/1,Image,https://pbs.twimg.com/media/GNQGBIabcAAW-_4.jpg,2024-05-11 06-34-img_328.png,https://t.co/bGm5MSTc8x,217,21,0
2024-05-11 01:49,🍁,@3166ye,https://twitter.com/yezi3166/status/1788989735387722206/photo/1,Image,https://pbs.twimg.com/media/GNPErTnacAE7L2y.jpg,2024-05-11 01-49-img_329.png,https://t.co/25brep8PG4,141,8,0
2024-05-10 13:46,🍁,@3166ye,https://twitter.com/yezi3166/status/1788807818491126035/photo/1,Image,https://pbs.twimg.com/media/GNMfOTAaUAEkwyH.jpg,2024-05-10 13-46-img_330.png,https://t.co/Ds8EwTHY4J,487,43,4
2024-05-10 08:49,🍁,@3166ye,https://twitter.com/yezi3166/status/1788732987938631987/photo/1,Image,https://pbs.twimg.com/media/GNLbKnsaIAAtoq3.jpg,2024-05-10 08-49-img_331.png,https://t.co/M4AcgEaaw5,401,45,2
2024-05-06 00:51,🍁,@3166ye,https://twitter.com/yezi3166/status/1787163273940578390/photo/1,Image,https://pbs.twimg.com/media/GM1HhRhacAAT6XW.jpg,2024-05-06 00-51-img_334.png,refined https://t.co/0mCOvyKLnr,616,60,1
2024-05-04 06:31,🍁,@3166ye,https://twitter.com/yezi3166/status/1786524082131046422/photo/1,Image,https://pbs.twimg.com/media/GMsCLXGb0AAEuoJ.jpg,2024-05-04 06-31-img_337.png,Thank you for 1K followers. Picture by @networkicu https://t.co/PsTJl0TEUn,178,14,6
2024-05-03 23:05,🍁,@3166ye,https://twitter.com/yezi3166/status/1786411659818647628/photo/1,Image,https://pbs.twimg.com/media/GMqb7JUbEAAtCbY.jpg,2024-05-03 23-05-img_338.png,Sketches https://t.co/abSnEssb74,99,11,1
2024-05-03 23:05,🍁,@3166ye,https://twitter.com/yezi3166/status/1786411659818647628/photo/1,Image,https://pbs.twimg.com/media/GMqb7JTaEAAI1NT.jpg,2024-05-03 23-05-img_339.png,Sketches https://t.co/abSnEssb74,99,11,1
2024-05-05 02:18,🍁,@3166ye,https://twitter.com/yezi3166/status/1786822802756218900/photo/1,Image,https://pbs.twimg.com/media/GMwR3LpagAAKOzr.jpg,2024-05-05 02-18-img_335.png,https://t.co/XhpRqFIkAm,253,30,3
2024-05-05 01:15,🍁,@3166ye,https://twitter.com/yezi3166/status/1786806909993202129/photo/1,Image,https://pbs.twimg.com/media/GMwDaFlaMAA2l1L.jpg,2024-05-05 01-15-img_336.png,Old artwork #oc https://t.co/FOtR79O4p7,228,27,0
2024-05-09 16:40,🍁,@3166ye,https://twitter.com/yezi3166/status/1788489292857360649/photo/1,Image,https://pbs.twimg.com/media/GNH9hTUaQAArbgE.jpg,2024-05-09 16-40-img_332.png,https://t.co/KhAHEDvFc8,703,76,0
2024-05-07 17:42,🍁,@3166ye,https://twitter.com/yezi3166/status/1787779960205459875/photo/1,Image,https://pbs.twimg.com/media/GM94Y7ZbQAANhd4.jpg,2024-05-07 17-42-img_333.png,#絵柄が好みって人にフォローされたい https://t.co/lLu5XjIw95,188,17,2
2024-05-03 23:05,🍁,@3166ye,https://twitter.com/yezi3166/status/1786411659818647628/photo/1,Image,https://pbs.twimg.com/media/GMqb7JRbMAACncm.jpg,2024-05-03 23-05-img_340.png,Sketches https://t.co/abSnEssb74,99,11,1
2024-05-02 21:06,🍁,@3166ye,https://twitter.com/yezi3166/status/1786019358223004112/photo/1,Image,https://pbs.twimg.com/media/GMk3Il8a8AALpcM.jpg,2024-05-02 21-06-img_346.png,https://t.co/UvDS3mgdJf,149,16,0
2024-05-03 21:59,🍁,@3166ye,https://twitter.com/yezi3166/status/1786395055693156793/photo/1,Image,https://pbs.twimg.com/media/GMqM0_bb0AAaSrj.jpg,2024-05-03 21-59-img_343.png,#絵柄が好みって人にフォローされたい https://t.co/aFeHV5vJlN,236,31,1
2024-05-03 05:38,🍁,@3166ye,https://twitter.com/yezi3166/status/1786148384098902400/photo/1,Image,https://pbs.twimg.com/media/GMmse09bQAEvV3_.jpg,2024-05-03 05-38-img_344.png,#絵柄が好みって人にフォローされたい https://t.co/Mkrr6XAb5e,228,23,0
2024-05-03 23:05,🍁,@3166ye,https://twitter.com/yezi3166/status/1786411659818647628/photo/1,Image,https://pbs.twimg.com/media/GMqb7JOakAARu9Y.jpg,2024-05-03 23-05-img_341.png,Sketches https://t.co/abSnEssb74,99,11,1
2024-05-03 22:51,🍁,@3166ye,https://twitter.com/yezi3166/status/1786408292664938925/photo/1,Image,https://pbs.twimg.com/media/GMqY3YwbYAAqOt4.jpg,2024-05-03 22-51-img_342.png,#絵柄が好みって人にフォローされたい https://t.co/r4qSPkNwcW,210,30,0
2024-05-02 21:36,🍁,@3166ye,https://twitter.com/yezi3166/status/1786027008960651280/photo/1,Image,https://pbs.twimg.com/media/GMk-F6RbwAAPnj6.jpg,2024-05-02 21-36-img_345.png,Plane (oil painting) https://t.co/cRtUWtPnyF,216,20,4
2024-05-02 18:34,🍁,@3166ye,https://twitter.com/yezi3166/status/1785981077603103039/photo/1,Image,https://pbs.twimg.com/media/GMkUUSsbQAAMWAa.jpg,2024-05-02 18-34-img_347.png,#絵柄が好みって人にフォローされたい https://t.co/MxwJTxgO0x,128,16,1
2024-05-02 17:57,🍁,@3166ye,https://twitter.com/yezi3166/status/1785971982447898712/photo/1,Image,https://pbs.twimg.com/media/GMkMC7jaAAA9990.jpg,2024-05-02 17-57-img_348.png,Thank you for 900 followers https://t.co/stIsXUg3ru,136,15,3
2024-04-30 00:23,🍁,@3166ye,https://twitter.com/yezi3166/status/1784981829361242394/photo/1,Image,https://pbs.twimg.com/media/GMWHfw5bsAAQcVD.jpg,2024-04-30 00-23-img_351.png,sketch https://t.co/vDPwlm6RCY,75,7,1
2024-05-01 11:35,🍁,@3166ye,https://twitter.com/yezi3166/status/1785513352669925613/photo/1,Image,https://pbs.twimg.com/media/GMdq7HOakAA6nnr.jpg,2024-05-01 11-35-img_349.png,#絵柄が好みって人にフォローされたい https://t.co/zb7yVXYqXp,516,51,0
2024-04-29 22:43,🍁,@3166ye,https://twitter.com/yezi3166/status/1784956712178569496/photo/1,Image,https://pbs.twimg.com/media/GMVwqStasAArUHV.jpg,2024-04-29 22-43-img_352.png,https://t.co/DPPr2T8xn6,216,29,0
2024-04-30 20:19,🍁,@3166ye,https://twitter.com/yezi3166/status/1785282740432347371/photo/1,Image,https://pbs.twimg.com/media/GMaZLt6agAAGpjG.jpg,2024-04-30 20-19-img_350.png,landscape https://t.co/lNY4NE4NcR,144,21,1
2024-04-28 22:48,🍁,@3166ye,https://twitter.com/yezi3166/status/1784595587331239960/photo/1,Image,https://pbs.twimg.com/media/GMQoOHUaQAADCXm.jpg,2024-04-28 22-48-img_354.png,snow https://t.co/55kKqFkcV9,144,12,1
2024-04-29 20:21,🍁,@3166ye,https://twitter.com/yezi3166/status/1784921035563020510/photo/1,Image,https://pbs.twimg.com/media/GMVQNrsa4AAKWDI.jpg,2024-04-29 20-21-img_353.png,#oc https://t.co/pIiWZTIFw0,169,27,1
2024-04-28 22:37,🍁,@3166ye,https://twitter.com/yezi3166/status/1784592878901301396/photo/1,Image,https://pbs.twimg.com/media/GMQlwWeagAEXBDg.jpg,2024-04-28 22-37-img_355.png,Very old artwork #oc https://t.co/1T8aiUblzz,216,28,3
2024-04-28 21:37,🍁,@3166ye,https://twitter.com/yezi3166/status/1784577596220756028/photo/1,Image,https://pbs.twimg.com/media/GMQX3CvaQAA05RQ.jpg,2024-04-28 21-37-img_357.png,https://t.co/IC7FLc0Kdh,101,4,1
2024-04-27 23:50,🍁,@3166ye,https://twitter.com/yezi3166/status/1784248835294019724/photo/1,Image,https://pbs.twimg.com/media/GMLs2Y-bwAEhrik.jpg,2024-04-27 23-50-img_359.png,Coconut #oc https://t.co/j6CA7F41Ev,181,18,1
2024-04-28 21:50,🍁,@3166ye,https://twitter.com/yezi3166/status/1784581067015586156/photo/1,Image,https://pbs.twimg.com/media/GMQbA9HaAAAt71x.jpg,2024-04-28 21-50-img_356.png,温室 #絵柄が好みって人にフォローされたい https://t.co/9OKcRMsOPn,152,25,0
2024-04-27 23:44,🍁,@3166ye,https://twitter.com/yezi3166/status/1784247169152962633/photo/1,Image,https://pbs.twimg.com/media/GMLrVkOa0AAu4KW.jpg,2024-04-27 23-44-img_360.png,Thank you for 800 followers. https://t.co/BVDozvYxZV,64,5,2
2024-04-28 20:53,🍁,@3166ye,https://twitter.com/yezi3166/status/1784566671308685690/photo/1,Image,https://pbs.twimg.com/media/GMQN6_waEAAac9L.jpg,2024-04-28 20-53-img_358.png,https://t.co/igX8RvIMXY,207,35,1
2024-04-27 23:40,🍁,@3166ye,https://twitter.com/yezi3166/status/1784246250654859467/photo/1,Image,https://pbs.twimg.com/media/GMLqgA2bUAAG0zw.jpg,2024-04-27 23-40-img_361.png,RV #oc #art https://t.co/QQ5Kgzsw6Z,89,6,1
2024-04-27 23:27,🍁,@3166ye,https://twitter.com/yezi3166/status/1784243051680112874/photo/1,Image,https://pbs.twimg.com/media/GMLnl6sbEAAWtHZ.jpg,2024-04-27 23-27-img_362.png,MHI. Inc Products. #oc https://t.co/toXZoCx0Ee,74,8,1
2024-04-27 00:15,🍁,@3166ye,https://twitter.com/yezi3166/status/1783892565609349497/photo/1,Image,https://pbs.twimg.com/media/GMGo07vaAAAZ02B.jpg,2024-04-27 00-15-img_363.png,https://t.co/4pK5jD5D6o,111,7,1
2024-04-26 23:48,🍁,@3166ye,https://twitter.com/yezi3166/status/1783885872892715286/photo/1,Image,https://pbs.twimg.com/media/GMGiuuyboAA2CSx.jpg,2024-04-26 23-48-img_364.png,"#フォロワー1万以下の神絵師発掘したい
Here are my best artworks. Please repost to help me if you don’t mind. https://t.co/r6p02qUJD8",368,94,4
2024-04-26 23:48,🍁,@3166ye,https://twitter.com/yezi3166/status/1783885872892715286/photo/1,Image,https://pbs.twimg.com/media/GMGiuuvaUAAOKHq.jpg,2024-04-26 23-48-img_365.png,"#フォロワー1万以下の神絵師発掘したい
Here are my best artworks. Please repost to help me if you don’t mind. https://t.co/r6p02qUJD8",368,94,4
2024-04-26 22:58,🍁,@3166ye,https://twitter.com/yezi3166/status/1783873185148285126/photo/1,Image,https://pbs.twimg.com/media/GMGXMySbEAAaSzP.jpg,2024-04-26 22-58-img_368.png,Coconut https://t.co/e4R8urSOiZ,170,20,0
2024-04-26 16:21,🍁,@3166ye,https://twitter.com/yezi3166/status/1783773385576812933/photo/1,Image,https://pbs.twimg.com/media/GME8byDb0AATFGX.jpg,2024-04-26 16-21-img_370.png,https://t.co/fIqRHuqhq3,153,14,0
2024-04-26 23:48,🍁,@3166ye,https://twitter.com/yezi3166/status/1783885872892715286/photo/1,Image,https://pbs.twimg.com/media/GMGiuu2bIAAxkMY.jpg,2024-04-26 23-48-img_366.png,"#フォロワー1万以下の神絵師発掘したい
Here are my best artworks. Please repost to help me if you don’t mind. https://t.co/r6p02qUJD8",368,94,4
2024-04-26 16:24,🍁,@3166ye,https://twitter.com/yezi3166/status/1783774067256148256/photo/1,Image,https://pbs.twimg.com/media/GME9DT2bIAA4Js8.jpg,2024-04-26 16-24-img_369.png,Another fanart for niko #oneshot https://t.co/sCI0YEz3cy,160,24,3
2024-04-26 23:48,🍁,@3166ye,https://twitter.com/yezi3166/status/1783885872892715286/photo/1,Image,https://pbs.twimg.com/media/GMGiuuvaoAAUSyM.jpg,2024-04-26 23-48-img_367.png,"#フォロワー1万以下の神絵師発掘したい
Here are my best artworks. Please repost to help me if you don’t mind. https://t.co/r6p02qUJD8",368,94,4
2024-04-25 20:58,🍁,@3166ye,https://twitter.com/yezi3166/status/1783480735695057296/photo/1,Image,https://pbs.twimg.com/media/GMAyRDobUAAAdOE.jpg,2024-04-25 20-58-img_371.png,baker https://t.co/GjuB4M0Ydq,59,3,0
2024-04-25 16:00,🍁,@3166ye,https://twitter.com/yezi3166/status/1783405680537571484/photo/1,Image,https://pbs.twimg.com/media/GL_uAHoagAAncuC.jpg,2024-04-25 16-00-img_373.png,Town #oc https://t.co/0i7IOGK9Sl,140,13,1
2024-04-25 16:00,🍁,@3166ye,https://twitter.com/yezi3166/status/1783405765933556109/photo/1,Image,https://pbs.twimg.com/media/GL_uFTbawAAcdCS.jpg,2024-04-25 16-00-img_372.png,#oc https://t.co/bbJdVyUvL0,223,20,1
2024-04-25 14:27,🍁,@3166ye,https://twitter.com/yezi3166/status/1783382352389132674/photo/1,Image,https://pbs.twimg.com/media/GL_YykIaYAAeZ_b.jpg,2024-04-25 14-27-img_374.png,Thank you for 700 followers. https://t.co/TEQ492cL7B,111,6,5
2024-04-25 01:13,🍁,@3166ye,https://twitter.com/yezi3166/status/1783182605267132619/photo/1,Image,https://pbs.twimg.com/media/GL8jHFUbMAIP3qW.jpg,2024-04-25 01-13-img_377.png,Let’s escape https://t.co/lfWUtlZl5o,90,4,2
2024-04-24 15:34,🍁,@3166ye,https://twitter.com/yezi3166/status/1783036668045623366/photo/1,Image,https://pbs.twimg.com/media/GL6eZCxa4AAqxN1.jpg,2024-04-24 15-34-img_378.png,https://t.co/pR0vbprVRn,153,17,0
2024-04-25 14:10,🍁,@3166ye,https://twitter.com/yezi3166/status/1783378068637413823/photo/1,Image,https://pbs.twimg.com/media/GL_U5I5a8AA1bXQ.jpg,2024-04-25 14-10-img_376.png,Field #oc https://t.co/YlAxhTIOZu,210,28,2
2024-04-25 14:13,🍁,@3166ye,https://twitter.com/yezi3166/status/1783378710693110165/photo/1,Image,https://pbs.twimg.com/media/GL_VeWxbQAADxDS.jpg,2024-04-25 14-13-img_375.png,White cliff #oc https://t.co/ymEPWyvHMm,56,3,0
2024-04-24 14:56,🍁,@3166ye,https://twitter.com/yezi3166/status/1783027283424690306/photo/1,Image,https://pbs.twimg.com/media/GL6V2yHawAE1I_e.jpg,2024-04-24 14-56-img_379.png,Rail. #oc https://t.co/BfYRTmuhnG,248,28,0
2024-04-24 14:56,🍁,@3166ye,https://twitter.com/yezi3166/status/1783027121696505876/photo/1,Image,https://pbs.twimg.com/media/GL6VtSpbQAAJKxu.jpg,2024-04-24 14-56-img_380.png,#commission. https://t.co/CVTOWepq8t,143,12,0
2024-04-24 00:09,🍁,@3166ye,https://twitter.com/yezi3166/status/1782803981871526311/photo/1,Image,https://pbs.twimg.com/media/GL3Kwp7bEAANzuS.jpg,2024-04-24 00-09-img_383.png,https://t.co/HDE8zKKKUR,179,14,1
2024-04-24 14:09,🍁,@3166ye,https://twitter.com/yezi3166/status/1783015303187931299/photo/1,Image,https://pbs.twimg.com/media/GL6K9jiaQAAsNLj.jpg,2024-04-24 14-09-img_381.png,https://t.co/QzqIjI42ic,255,26,1
2024-04-23 17:27,🍁,@3166ye,https://twitter.com/yezi3166/status/1782702713136156959/photo/1,Image,https://pbs.twimg.com/media/GL1uqaMa8AAFZWt.jpg,2024-04-23 17-27-img_385.png,https://t.co/Y9ydP3zbKm,107,15,0
2024-04-24 00:21,🍁,@3166ye,https://twitter.com/yezi3166/status/1782807128815943912/photo/1,Image,https://pbs.twimg.com/media/GL3NoIgagAAS6XJ.jpg,2024-04-24 00-21-img_382.png,#oc https://t.co/cdojdOC9uC,402,51,4
2024-04-23 17:43,🍁,@3166ye,https://twitter.com/yezi3166/status/1782706931595129334/photo/1,Image,https://pbs.twimg.com/media/GL1yf-EaEAA9rD1.jpg,2024-04-23 17-43-img_384.png,Old artwork #oc https://t.co/qWPhseEt39,350,58,2
2024-04-23 13:01,🍁,@3166ye,https://twitter.com/yezi3166/status/1782635987501482424/photo/1,Image,https://pbs.twimg.com/media/GL0x-YFasAA9xuG.jpg,2024-04-23 13-01-img_387.png,Fanart for niko (#oneshot ) https://t.co/zneg5zCSLN,1217,184,7
2024-04-23 13:34,🍁,@3166ye,https://twitter.com/yezi3166/status/1782644252155019670/photo/1,Image,https://pbs.twimg.com/media/GL05fU-asAA1l1S.jpg,2024-04-23 13-34-img_386.png,#oc https://t.co/24K0JXEn9e,111,10,0
2024-04-23 11:59,🍁,@3166ye,https://twitter.com/yezi3166/status/1782620345951981993/photo/1,Image,https://pbs.twimg.com/media/GL0jv3Sa8AAvOid.jpg,2024-04-23 11-59-img_389.png,#oc https://t.co/jzUHRxui4Y,268,29,1
2024-04-23 12:54,🍁,@3166ye,https://twitter.com/yezi3166/status/1782634243950325982/photo/1,Image,https://pbs.twimg.com/media/GL0wY3ybEAAOYVe.jpg,2024-04-23 12-54-img_388.png,Senseless comic https://t.co/wSCfdOOzlf,138,8,1
2024-04-22 17:36,🍁,@3166ye,https://twitter.com/yezi3166/status/1782342815433068617/photo/1,Image,https://pbs.twimg.com/media/GLwnViYaIAEi4rA.jpg,2024-04-22 17-36-img_392.png,https://t.co/bWz3v2GIoo,120,10,0
2024-04-22 15:32,🍁,@3166ye,https://twitter.com/yezi3166/status/1782311571278246313/photo/1,Image,https://pbs.twimg.com/media/GLwK7ArasAEiyV5.jpg,2024-04-22 15-32-img_394.png,https://t.co/uG3eflj1tv,89,5,0
2024-04-22 16:02,🍁,@3166ye,https://twitter.com/yezi3166/status/1782319147504022011/photo/1,Image,https://pbs.twimg.com/media/GLwRzs6b0AAiTY1.jpg,2024-04-22 16-02-img_393.png,Thank you for 500 followers. #oc #sketch https://t.co/josced37fl,179,11,6
2024-04-22 21:13,🍁,@3166ye,https://twitter.com/yezi3166/status/1782397304101896388/photo/1,Image,https://pbs.twimg.com/media/GLxY4snasAADANE.jpg,2024-04-22 21-13-img_391.png,Old #commission . https://t.co/ZFtQLVTdRs,172,14,0
2024-04-23 09:35,🍁,@3166ye,https://twitter.com/yezi3166/status/1782584155592925221/photo/1,Image,https://pbs.twimg.com/media/GL0C1OgacAA7ORi.jpg,2024-04-23 09-35-img_390.png,#oc https://t.co/4xIr7dHArl,321,44,2
2024-04-22 13:38,🍁,@3166ye,https://twitter.com/yezi3166/status/1782282916317614160/photo/1,Image,https://pbs.twimg.com/media/GLvw21_boAA6i4f.jpg,2024-04-22 13-38-img_395.png,Old artwork #oc https://t.co/FEKff4I1bF,120,7,1
2024-04-22 12:55,🍁,@3166ye,https://twitter.com/yezi3166/status/1782272100130234599/photo/1,Image,https://pbs.twimg.com/media/GLvnBbZaUAAx46a.jpg,2024-04-22 12-55-img_396.png,#oc https://t.co/Qh40gSn9Xb,102,3,1
2024-04-22 00:08,🍁,@3166ye,https://twitter.com/yezi3166/status/1782078850849182081/photo/1,Image,https://pbs.twimg.com/media/GLs3OGubsAAPYl4.jpg,2024-04-22 00-08-img_398.png,sketch https://t.co/7PG5QVKDvO,76,3,0
2024-04-21 23:52,🍁,@3166ye,https://twitter.com/yezi3166/status/1782074942894510349/photo/1,Image,https://pbs.twimg.com/media/GLsztIWa4AAycv_.jpg,2024-04-21 23-52-img_399.png,Fanart from @shilu65253661 ! https://t.co/n7rwKV4IZh,38,0,0
2024-04-21 23:52,🍁,@3166ye,https://twitter.com/yezi3166/status/1782074942894510349/photo/1,Image,https://pbs.twimg.com/media/GLsztHbakAA7RqI.jpg,2024-04-21 23-52-img_400.png,Fanart from @shilu65253661 ! https://t.co/n7rwKV4IZh,38,0,0
2024-04-21 16:07,🍁,@3166ye,https://twitter.com/yezi3166/status/1781958029602369904/photo/1,Image,https://pbs.twimg.com/media/GLrJXaWbUAAFJVv.jpg,2024-04-21 16-07-img_402.png,Clouds #oc https://t.co/MIhnge2Ukn,298,44,2
2024-04-22 10:45,🍁,@3166ye,https://twitter.com/yezi3166/status/1782239178467758584/photo/1,Image,https://pbs.twimg.com/media/GLvJFDLbQAAYu9W.jpg,2024-04-22 10-45-img_397.png,#oc https://t.co/LEYA34APwH,216,32,2
2024-04-21 15:12,🍁,@3166ye,https://twitter.com/yezi3166/status/1781944195185615066/photo/1,Image,https://pbs.twimg.com/media/GLq8ymIbEAAgpTX.jpg,2024-04-21 15-12-img_403.png,https://t.co/3MQnM0epbw,71,5,2
2024-04-21 23:31,🍁,@3166ye,https://twitter.com/yezi3166/status/1782069703923708381/photo/1,Image,https://pbs.twimg.com/media/GLsu8InasAAWUJW.jpg,2024-04-21 23-31-img_401.png,Old artwork #oc https://t.co/0MHKh6Qpzj,200,22,0
2024-04-21 13:58,🍁,@3166ye,https://twitter.com/yezi3166/status/1781925445279293583/photo/1,Image,https://pbs.twimg.com/media/GLqru3-bsAAMr1E.jpg,2024-04-21 13-58-img_404.png,https://t.co/K84Q2PO1mT,141,12,0
2024-04-20 23:12,🍁,@3166ye,https://twitter.com/yezi3166/status/1781702601123520600/photo/1,Image,https://pbs.twimg.com/media/GLnhEE3bMAANZGV.jpg,2024-04-20 23-12-img_406.png,Old artwork #oc https://t.co/9wCgEwVUif,160,24,1
2024-04-20 19:18,🍁,@3166ye,https://twitter.com/yezi3166/status/1781643549957898613/photo/1,Image,https://pbs.twimg.com/media/GLmrW-IaEAAxmd3.jpg,2024-04-20 19-18-img_408.png,https://t.co/s8njZoL6qu,59,4,0
2024-04-20 22:48,🍁,@3166ye,https://twitter.com/yezi3166/status/1781696549715911128/photo/1,Image,https://pbs.twimg.com/media/GLnbj5taYAAEpF8.jpg,2024-04-20 22-48-img_407.png,https://t.co/koHn4Pyoyl,98,14,0
2024-04-21 13:56,🍁,@3166ye,https://twitter.com/yezi3166/status/1781924918734795204/photo/1,Image,https://pbs.twimg.com/media/GLqrQhdbkAARcg5.jpg,2024-04-21 13-56-img_405.png,#oc https://t.co/g1rnzs1cAS,160,25,0
2024-04-20 00:18,🍁,@3166ye,https://twitter.com/yezi3166/status/1781356717764379096/photo/1,Image,https://pbs.twimg.com/media/GLime9CasAAo3Ww.jpg,2024-04-20 00-18-img_410.png,#oc https://t.co/F74TdTvSLy,83,8,0
2024-04-19 21:47,🍁,@3166ye,https://twitter.com/yezi3166/status/1781318806008369239/photo/1,Image,https://pbs.twimg.com/media/GLiEAPdaoAAM6Ak.jpg,2024-04-19 21-47-img_411.png,Old artwork #oc https://t.co/PAp68aSPJD,89,12,1
2024-04-20 18:05,🍁,@3166ye,https://twitter.com/yezi3166/status/1781625346376556668/photo/1,Image,https://pbs.twimg.com/media/GLmazbmaQAAQHHF.jpg,2024-04-20 18-05-img_409.png,Old artwork #oc https://t.co/SivbWG4ww2,226,28,0
2024-04-19 09:57,🍁,@3166ye,https://twitter.com/yezi3166/status/1781139909702766965/photo/1,Image,https://pbs.twimg.com/media/GLfhTLUboAEu8qw.jpg,2024-04-19 09-57-img_415.png,https://t.co/RzqhEiwuNs,181,22,1
2024-04-19 14:21,🍁,@3166ye,https://twitter.com/yezi3166/status/1781206549593206916/photo/1,Image,https://pbs.twimg.com/media/GLgd6NJaIAAbAIu.jpg,2024-04-19 14-21-img_412.png,Warmhouse #oc https://t.co/TktJFH91fE,84,9,1
2024-04-19 11:33,🍁,@3166ye,https://twitter.com/yezi3166/status/1781164282056790487/photo/1,Image,https://pbs.twimg.com/media/GLf3dyga0AAU5Rp.jpg,2024-04-19 11-33-img_414.png,#oc https://t.co/Z5QiMD3mmU,149,17,0
2024-04-17 19:02,🍁,@3166ye,https://twitter.com/yezi3166/status/1780552338220183693/photo/1,Image,https://pbs.twimg.com/media/GLXK6KxaUAA3tBP.jpg,2024-04-17 19-02-img_416.png,Old artwork #oc https://t.co/pu0A8nUmIo,133,23,1
2024-04-19 14:12,🍁,@3166ye,https://twitter.com/yezi3166/status/1781204106302181746/photo/1,Image,https://pbs.twimg.com/media/GLgbr0ebwAA0tuO.jpg,2024-04-19 14-12-img_413.png,Let’s escape https://t.co/KtLzsdgWQn,67,10,0
2024-04-10 11:51,🍁,@3166ye,https://twitter.com/yezi3166/status/1777907314626011645/photo/1,Image,https://pbs.twimg.com/media/GKxlRWKbEAA2Knw.jpg,2024-04-10 11-51-img_424.png,sketch #sketch #oc #落書き https://t.co/RGZvwqBJAn,18,2,0
2024-04-16 13:13,🍁,@3166ye,https://twitter.com/yezi3166/status/1780102251761287513/photo/1,Image,https://pbs.twimg.com/media/GLQxjptbQAAmmDp.jpg,2024-04-16 13-13-img_419.png,🍷#oc https://t.co/qdfBZkNhzy,47,8,0
2024-04-16 08:25,🍁,@3166ye,https://twitter.com/yezi3166/status/1780029804202659908/photo/1,Image,https://pbs.twimg.com/media/GLPvqg8aYAAkdLd.jpg,2024-04-16 08-25-img_420.png,https://t.co/MZ3AlDjZkK,20,4,0
2024-04-16 13:14,🍁,@3166ye,https://twitter.com/yezi3166/status/1780102569555361865/photo/1,Image,https://pbs.twimg.com/media/GLQx2PlawAAvw0B.jpg,2024-04-16 13-14-img_418.png,"防波堤
#oc #doodle #art https://t.co/wpETcK36E8",74,17,0
2024-04-10 12:12,🍁,@3166ye,https://twitter.com/yezi3166/status/1777912541429248162/photo/1,Image,https://pbs.twimg.com/media/GKxqBioakAAnT85.jpg,2024-04-10 12-12-img_422.png,Plane. #sketch #oc #落書き https://t.co/veZs3qH0MV,22,3,0
2024-04-16 13:21,🍁,@3166ye,https://twitter.com/yezi3166/status/1780104305405804869/photo/1,Image,https://pbs.twimg.com/media/GLQzbLgaAAATB3M.jpg,2024-04-16 13-21-img_417.png,Old artwork #oc https://t.co/QPzF9SDUHv,59,13,0
2024-04-10 12:53,🍁,@3166ye,https://twitter.com/yezi3166/status/1777922806724059195/photo/1,Image,https://pbs.twimg.com/media/GKxzXB2aEAAy-y7.jpg,2024-04-10 12-53-img_421.png,#イラスト好きさんとつながりたい https://t.co/xX98C4gmUh,23,4,1
2024-04-10 11:58,🍁,@3166ye,https://twitter.com/yezi3166/status/1777909075403219247/photo/1,Image,https://pbs.twimg.com/media/GKxm367bYAAj7z0.jpg,2024-04-10 11-58-img_423.png,Birch https://t.co/gW2K4thlSV,15,1,0
2024-04-10 11:45,🍁,@3166ye,https://twitter.com/yezi3166/status/1777905778671985083/photo/1,Image,https://pbs.twimg.com/media/GKxj3UXbcAAnDqU.jpg,2024-04-10 11-45-img_425.png,#oc ✨ https://t.co/l78fXahLij,13,1,0
2024-04-10 10:39,🍁,@3166ye,https://twitter.com/yezi3166/status/1777889003888648514/photo/1,Image,https://pbs.twimg.com/media/GKxUndrawAEjddA.jpg,2024-04-10 10-39-img_427.png,#sketch #落書き https://t.co/fIIHJXL27c,14,1,0
2024-04-05 11:05,🍁,@3166ye,https://twitter.com/yezi3166/status/1776083812881186841/photo/1,Image,https://pbs.twimg.com/media/GKXqylBbYAAWKC1.jpg,2024-04-05 11-05-img_429.png,#sketch #oc #落書き https://t.co/FXTbLiykuY,66,6,0
2024-04-03 08:49,🍁,@3166ye,https://twitter.com/yezi3166/status/1775324673112408472/photo/1,Image,https://pbs.twimg.com/media/GKM4X7abUAA8ZxJ.jpg,2024-04-03 08-49-img_430.png,#sketch #oc https://t.co/mG6dG0ATPF,20,0,0
2024-04-05 11:51,🍁,@3166ye,https://twitter.com/yezi3166/status/1776095346223194494/photo/1,Image,https://pbs.twimg.com/media/GKX1SvGaoAEAt02.jpg,2024-04-05 11-51-img_428.png,"Grove ｜2023
#art #oc #digitalart https://t.co/S6xAA1Az7i",65,8,0
2024-04-10 11:44,🍁,@3166ye,https://twitter.com/yezi3166/status/1777905504431612139/photo/1,Image,https://pbs.twimg.com/media/GKxjoDOaQAET5gl.jpg,2024-04-10 11-44-img_426.png,Coconut #oc #落書き https://t.co/R446m4iDRL,34,8,0
2024-03-27 07:37,🍁,@3166ye,https://twitter.com/yezi3166/status/1772769951151235248/photo/1,Image,https://pbs.twimg.com/media/GJok3iJbEAAshZD.jpg,2024-03-27 07-37-img_431.png,French horn #sketch https://t.co/sfzXNxFLOI,20,1,1
2024-03-26 19:30,🍁,@3166ye,https://twitter.com/yezi3166/status/1772586866618884425/photo/1,Image,https://pbs.twimg.com/media/GJl-WZsaAAAx6Cq.jpg,2024-03-26 19-30-img_432.png,"City｜2023 Oct
#art #digitalart #illustration #OC https://t.co/EJcJRJDjOn",20,2,1
2024-03-24 16:05,🍁,@3166ye,https://twitter.com/yezi3166/status/1771810519982182475/photo/1,Image,https://pbs.twimg.com/media/GJa8RPIa0AA75GD.jpg,2024-03-24 16-05-img_433.png,"Bridge
#sketch #art #落書き https://t.co/Kq2j5XumHq",25,3,0
2024-03-21 23:47,🍁,@3166ye,https://twitter.com/yezi3166/status/1770839775202681067/photo/1,Image,https://pbs.twimg.com/media/GJNJYEeWwAAKE7h.jpg,2024-03-21 23-47-img_435.png,#落書き https://t.co/TwCO8z122k,29,4,1
2024-03-20 03:44,🍁,@3166ye,https://twitter.com/yezi3166/status/1770174622778180066/photo/1,Image,https://pbs.twimg.com/media/GJDsbm8aEAALHWa.jpg,2024-03-20 03-44-img_436.png,#sketch https://t.co/riX84XaCjl,14,1,0
2024-03-13 18:33,🍁,@3166ye,https://twitter.com/yezi3166/status/1767861460468908032/photo/1,Image,https://pbs.twimg.com/media/GIi0nymaoAAeVqL.jpg,2024-03-13 18-33-img_437.png,雑魚です https://t.co/K5ROE2sNGR,23,2,1
2024-03-21 23:49,🍁,@3166ye,https://twitter.com/yezi3166/status/1770840279106347221/photo/1,Image,https://pbs.twimg.com/media/GJNJ0tmXkAAU19r.jpg,2024-03-21 23-49-img_434.png,"Plant shop ｜2022
 #絵柄が好みって人にフォローされたい #落書き #art https://t.co/DaauqSFzrZ",22,3,0
2024-02-29 01:42,🍁,@3166ye,https://twitter.com/Sugarfree_coco1/status/1762896179514499222/photo/1,Image,https://pbs.twimg.com/media/GHcQui-bUAAl3u2.jpg,2024-02-29 01-42-img_439.png,#落書き https://t.co/fujYgUfyEp,34,8,1
2024-03-12 11:24,🍁,@3166ye,https://twitter.com/Sugarfree_coco1/status/1767391196794831275/photo/1,Image,https://pbs.twimg.com/media/GIcI6z6bEAAlvmr.jpg,2024-03-12 11-24-img_438.png,sketch https://t.co/WaIRuOciKE,24,5,3
2023-11-02 23:55,🍁,@3166ye,https://twitter.com/Sugarfree_coco1/status/1720107491248509230/photo/1,Image,https://pbs.twimg.com/media/F98MpHdaoAAibln.jpg,2023-11-02 23-55-img_441.png,#落書き https://t.co/pHN5rC9aU8,10,2,0
2023-11-19 19:35,🍁,@3166ye,https://twitter.com/Sugarfree_coco1/status/1726202497457598733/photo/1,Image,https://pbs.twimg.com/media/F_S0BMIawAAjk9L.jpg,2023-11-19 19-35-img_440.png,#落書き https://t.co/8IpNpdIvC8,32,7,2
2023-10-17 09:59,🍁,@3166ye,https://twitter.com/wtqmyzi/status/1714098685876011422/photo/1,Image,https://pbs.twimg.com/media/F8mzqZta4AAThVg.jpg,2023-10-17 09-59-img_442.png,"white cliff - painting process
https://t.co/cCLjI2usYa https://t.co/iIhKDdPJJk",23,7,1
2023-05-31 05:24,🍁,@3166ye,https://twitter.com/wtqmyzi/status/1663665128863326209/photo/1,Image,https://pbs.twimg.com/media/FxaGnGWaUAAs40b.jpg,2023-05-31 05-24-img_445.png,#誰か優しい人が拡散してくれてフォロワーさんが増えるらしい https://t.co/mfLzQA2QlG,14,6,0
2023-09-03 14:01,🍁,@3166ye,https://twitter.com/wtqmyzi/status/1698214684275708154/photo/1,Image,https://pbs.twimg.com/media/F5FFPsKaEAAsr-4.jpg,2023-09-03 14-01-img_444.png,https://t.co/m3EANTUvj8,13,2,0
2023-09-03 14:02,🍁,@3166ye,https://twitter.com/wtqmyzi/status/1698214804517982569/photo/1,Image,https://pbs.twimg.com/media/F5FFVDmaAAAqxsv.jpg,2023-09-03 14-02-img_443.png,https://t.co/MGobOqimWB,20,5,2
2023-05-31 05:12,🍁,@3166ye,https://twitter.com/wtqmyzi/status/1663662216024051713/photo/1,Image,https://pbs.twimg.com/media/FxaD9XOaEAEQoV7.jpg,2023-05-31 05-12-img_448.png,#今月描いた絵を晒そう https://t.co/kEw6Oxydok,20,4,0
2023-05-31 05:12,🍁,@3166ye,https://twitter.com/wtqmyzi/status/1663662216024051713/photo/1,Image,https://pbs.twimg.com/media/FxaD9XQaAAMX0hq.jpg,2023-05-31 05-12-img_447.png,#今月描いた絵を晒そう https://t.co/kEw6Oxydok,20,4,0
2023-05-31 05:08,🍁,@3166ye,https://twitter.com/wtqmyzi/status/1663661244010872832/photo/1,Image,https://pbs.twimg.com/media/FxaDEtxaIAYKaiR.jpg,2023-05-31 05-08-img_449.png,"景色を描くのがすきです。一次創作から二次創作までいろいろな絵を描いています。#イラスト #絵描きさんと繋がりたい #絵柄が好みって人にフォローされたい#イラスト好きさんとつながりたい https://t.co/i842DYSFoK",247,52,5
2023-05-31 05:12,🍁,@3166ye,https://twitter.com/wtqmyzi/status/1663662216024051713/photo/1,Image,https://pbs.twimg.com/media/FxaD9XOaEAAZUc7.jpg,2023-05-31 05-12-img_446.png,#今月描いた絵を晒そう https://t.co/kEw6Oxydok,20,4,0
2023-05-31 05:08,🍁,@3166ye,https://twitter.com/wtqmyzi/status/1663661244010872832/photo/1,Image,https://pbs.twimg.com/media/FxaDEt7agAAtu6n.jpg,2023-05-31 05-08-img_450.png,"景色を描くのがすきです。一次創作から二次創作までいろいろな絵を描いています。#イラスト #絵描きさんと繋がりたい #絵柄が好みって人にフォローされたい#イラスト好きさんとつながりたい https://t.co/i842DYSFoK",247,52,5
2023-05-31 05:08,🍁,@3166ye,https://twitter.com/wtqmyzi/status/1663661244010872832/photo/1,Image,https://pbs.twimg.com/media/FxaDEt7aQAE--fx.jpg,2023-05-31 05-08-img_451.png,"景色を描くのがすきです。一次創作から二次創作までいろいろな絵を描いています。#イラスト #絵描きさんと繋がりたい #絵柄が好みって人にフォローされたい#イラスト好きさんとつながりたい https://t.co/i842DYSFoK",247,52,5
2023-05-31 05:08,🍁,@3166ye,https://twitter.com/wtqmyzi/status/1663661244010872832/photo/1,Image,https://pbs.twimg.com/media/FxaDEt0aQAALf0a.jpg,2023-05-31 05-08-img_452.png,"景色を描くのがすきです。一次創作から二次創作までいろいろな絵を描いています。#イラスト #絵描きさんと繋がりたい #絵柄が好みって人にフォローされたい#イラスト好きさんとつながりたい https://t.co/i842DYSFoK",247,52,5
